推,噓,分數,作者,標題,時間,推_etl,時間_etl
推: 2,噓: 0,分數: 2,作者: lwt501cx (爆裂魔法Explosion！！),標題: [公告] 暫時性板規 期限至2024年01月20日,時間: Sat Nov  4 15:37:58 2023,2,2023-11-04 15:37:58
推: 0,噓: 0,分數: 0,作者: lwt501cx (爆裂魔法Explosion！！),標題: [公告] 八卦板板規(2023.11.11),時間: Sat Nov 11 00:13:06 2023,0,2023-11-11 00:13:06
推: 6,噓: 1,分數: 5,作者: ubcs (覺★青年超冒險蓋),標題: [公告] 聖誕節單人用餐活動這一次我們回家投票,時間: Mon Jan  1 19:32:54 2024,6,2024-01-01 19:32:54
推: 23,噓: 6,分數: 17,作者: ubcs (覺★青年超冒險蓋),標題: [公告]2024/01/03零時起至投票結束 不得轉發民調,時間: Mon Jan  1 19:54:43 2024,23,2024-01-01 19:54:43
推: 199,噓: 40,分數: 159,作者: ubcs (覺★青年超冒險蓋),標題: [公告] 防IWIN勿PO 小商人紐時廣告無碼照,時間: Thu Jan  4 15:48:00 2024,199,2024-01-04 15:48:00
推: 5,噓: 0,分數: 5,作者: peterlin495 (專業果粉O'_'O),標題: [問卦] 慟!? 竟然89也不少不買C300的?,時間: Sat Jan  6 19:31:37 2024,5,2024-01-06 19:31:37
推: 3,噓: 1,分數: 2,作者: JJRICH (流浪的武士),標題: [問卦] 急，我一輩子挺的朋友八年付出做白工,時間: Sat Jan  6 19:31:57 2024,3,2024-01-06 19:31:57
推: 4,噓: 3,分數: 1,作者: blueian (義恩阿庫犽),標題: [問卦] 下禮拜房價開始跌怎麼辦??,時間: Sat Jan  6 19:33:03 2024,4,2024-01-06 19:33:03
推: 7,噓: 2,分數: 5,作者: miss80423 (自宅警備員),標題: [問卦] 手搖飲料一杯快要100塊錢了怎辦==？,時間: Sat Jan  6 19:35:38 2024,7,2024-01-06 19:35:38
推: 0,噓: 1,分數: -1,作者: paulispig (關心高立德的牙齒狀況),標題: [新聞] 不讓回家繼續喝 2友當街互毆警幫勸竟被,時間: Sat Jan  6 19:36:07 2024,0,2024-01-06 19:36:07
推: 6,噓: 3,分數: 3,作者: ashinly1021 (刁嘎咩衝麻改洨),標題: Re: [問卦] 台中大里晚上怎麼這麼多人拜拜,時間: Sat Jan  6 19:36:10 2024,6,2024-01-06 19:36:10
推: 216,噓: 33,分數: 183,作者: chopper594 (世界のももクロ No.1!!!),標題: [新聞] 再現貪食蛇！民眾黨今晚台中大會師 人潮,時間: Sat Jan  6 19:36:45 2024,216,2024-01-06 19:36:45
推: 7,噓: 1,分數: 6,作者: VVizZ (我很窮),標題: Re: [問卦] 貓咪不愛動是正常的嗎,時間: Sat Jan  6 19:36:46 2024,7,2024-01-06 19:36:46
推: 10,噓: 2,分數: 8,作者: x6073123 (),標題: [問卦] 有推薦的碎紙機嗎,時間: Sat Jan  6 19:38:15 2024,10,2024-01-06 19:38:15
推: 24,噓: 176,分數: -152,作者: felixden (Gura的老公),標題: Re: [問卦] 大家都習慣晚上做愛嗎,時間: Sat Jan  6 19:39:08 2024,24,2024-01-06 19:39:08
推: 4,噓: 0,分數: 4,作者: ak47good (陳鳥仁),標題: Re: [問卦] 身邊的覺青朋友 今年都不積極了？,時間: Sat Jan  6 19:39:22 2024,4,2024-01-06 19:39:22
推: 1,噓: 1,分數: 0,作者: Savior09 (Sakana Mazui),標題: [問卦] 教小孩是不是需要PUA,時間: Sat Jan  6 19:40:12 2024,1,2024-01-06 19:40:12
推: 7,噓: 0,分數: 7,作者: pulato16 (七股哥布林),標題: [問卦] 選舉公報一定要印出來嗎,時間: Sat Jan  6 19:40:58 2024,7,2024-01-06 19:40:58
推: 12,噓: 1,分數: 11,作者: hyperdunk (別鞭我),標題: [問卦] 八卦版怎麼那麼討厭抖音？,時間: Sat Jan  6 19:41:21 2024,12,2024-01-06 19:41:21
推: 13,噓: 4,分數: 9,作者: doremifasola (),標題: [問卦] 台灣音樂素質到底出了什麼事？,時間: Sat Jan  6 19:42:16 2024,13,2024-01-06 19:42:16
推: 36,噓: 5,分數: 31,作者: id44kimo (擁抱吧(B)),標題: Re: [新聞] 再現貪食蛇！民眾黨今晚台中大會師 人潮,時間: Sat Jan  6 19:43:03 2024,36,2024-01-06 19:43:03
推: 4,噓: 0,分數: 4,作者: j32072 (心地善良的o'_'o),標題: [問卦] 出個辦公室福袋有沒有搞頭,時間: Sat Jan  6 19:46:40 2024,4,2024-01-06 19:46:40
推: 3,噓: 5,分數: -2,作者: b33 (壁虎可愛),標題: [新聞] 酒癮難戒！酒駕再違規率6.9%　醫籲「這樣,時間: Sat Jan  6 19:47:40 2024,3,2024-01-06 19:47:40
推: 0,噓: 0,分數: 0,作者: willydp (波昂金城武),標題: Re: [新聞] 賴清德稱管中閔因他才能當校長 本尊怒發,時間: Sat Jan  6 19:47:55 2024,0,2024-01-06 19:47:55
推: 1,噓: 0,分數: 1,作者: Ophiuchus (尋找傳說中的廚具會在選),標題: Re: [新聞] 陽交大學生好著急！校內小7中千萬發票沒,時間: Sat Jan  6 19:48:01 2024,1,2024-01-06 19:48:01
推: 4,噓: 0,分數: 4,作者: tinytod (22),標題: Re: [問卦] 有什麼以為自己贏定卻翻盤的例子嗎？,時間: Sat Jan  6 19:48:31 2024,4,2024-01-06 19:48:31
推: 4,噓: 1,分數: 3,作者: kinve1014 (黑松可樂),標題: [問卦] 好想吃焗烤飯 中山站有哪間好吃？,時間: Sat Jan  6 19:49:34 2024,4,2024-01-06 19:49:34
推: 2,噓: 0,分數: 2,作者: YU0121 (愛玉冰™),標題: [問卦] 尾牙抽獎抽到兒童牙刷代表什麼？,時間: Sat Jan  6 19:50:20 2024,2,2024-01-06 19:50:20
推: 6,噓: 6,分數: 0,作者: gn7722 (腳很痛),標題: [問卦] 超音波檢查根本沒什麼成本吧？,時間: Sat Jan  6 19:51:24 2024,6,2024-01-06 19:51:24
推: 8,噓: 1,分數: 7,作者: kingfsg7326 (認 同 請 按 2 ),標題: [問卦] 為什麼 文組文青 通常是死忠的?,時間: Sat Jan  6 19:51:36 2024,8,2024-01-06 19:51:36
推: 7,噓: 9,分數: -2,作者: Dooo (臘腸狗切半去尾),標題: [新聞] 菲國跨性別網紅控台夜店歧視　業者致歉,時間: Sat Jan  6 19:51:47 2024,7,2024-01-06 19:51:47
推: 5,噓: 4,分數: 1,作者: ppp123 (3p哥),標題: [問卦] 十元20元的漲 漲到你發寒？,時間: Sat Jan  6 19:52:32 2024,5,2024-01-06 19:52:32
推: 7,噓: 1,分數: 6,作者: chirex (不含銅鋰鋅),標題: Re: [問卦] 勤美綠園道怎麼這麼多人啊？,時間: Sat Jan  6 19:52:38 2024,7,2024-01-06 19:52:38
推: 10,噓: 0,分數: 10,作者: aasawfish (),標題: [問卦] 1/15 公司的碎紙機會忙爆嗎？,時間: Sat Jan  6 19:53:26 2024,10,2024-01-06 19:53:26
推: 6,噓: 1,分數: 5,作者: almanac (guest),標題: [問卦] 為什麼蝦皮那麼多賣假黃金的？,時間: Sat Jan  6 19:54:51 2024,6,2024-01-06 19:54:51
推: 11,噓: 2,分數: 9,作者: xinade (Andrea),標題: [新聞] 藍控賴台南買房搭捷運線涉炒房 賴陣營：,時間: Sat Jan  6 19:55:33 2024,11,2024-01-06 19:55:33
推: 9,噓: 0,分數: 9,作者: GigiBuffon (我已不願再自我欺瞞),標題: [問卦] 不想上班但是會沒錢生活QQ,時間: Sat Jan  6 19:56:16 2024,9,2024-01-06 19:56:16
推: 1,噓: 2,分數: -1,作者: area41gold (area41gold在炫耀？哥單s),標題: [問卦] 嘔嘔嘔 前面肥宅沒洗頭怎辦？,時間: Sat Jan  6 19:56:27 2024,1,2024-01-06 19:56:27
推: 0,噓: 3,分數: -3,作者: Tiara5566 (霸凌天團),標題: [新聞] Ozone跨年好糗　他帥跳「空中一字馬」褲,時間: Sat Jan  6 19:57:00 2024,0,2024-01-06 19:57:00
推: 8,噓: 0,分數: 8,作者: ai770116 (東方的神秘力量),標題: [問卦] 美國女權給台灣女權差在哪？,時間: Sat Jan  6 19:57:02 2024,8,2024-01-06 19:57:02
推: 5,噓: 2,分數: 3,作者: bluehttp (公鯊小),標題: [問卦] 這是法國新日常生活？,時間: Sat Jan  6 19:57:33 2024,5,2024-01-06 19:57:33
推: 4,噓: 0,分數: 4,作者: ralfeistein (無名的ㄈㄓ王),標題: [問卦] 2024年第一個RickRoll的八卦?,時間: Sat Jan  6 19:58:48 2024,4,2024-01-06 19:58:48
推: 9,噓: 0,分數: 9,作者: ng101281 (),標題: [新聞] 近年來首次！金正恩慰問能登震災 日本政1,時間: Sat Jan  6 19:59:28 2024,9,2024-01-06 19:59:28
推: 13,噓: 1,分數: 12,作者: WangW (廢文Wang),標題: [問卦] 未來電動車電池及太陽能板怎處理啊,時間: Sat Jan  6 19:59:35 2024,13,2024-01-06 19:59:35
推: 0,噓: 0,分數: 0,作者: mhliu8 (～～IH< 會飛低小強),標題: [問卦] 為什麼生活實際上常常「沒選擇」?,時間: Sat Jan  6 20:01:54 2024,0,2024-01-06 20:01:54
推: 3,噓: 0,分數: 3,作者: tose4433 (Remax),標題: [問卦] 棄甲歸田去，王侯如敝履？詩賞析？,時間: Sat Jan  6 20:02:51 2024,3,2024-01-06 20:02:51
推: 7,噓: 1,分數: 6,作者: zakijudelo (Zack),標題: [問卦] 能舉一個弱小勢力成功打倒強權的故事？,時間: Sat Jan  6 20:03:23 2024,7,2024-01-06 20:03:23
推: 12,噓: 5,分數: 7,作者: pl132 (pl132),標題: [新聞]嫩妹火鍋店吃飯「拔陰毛丟鍋裡」討3倍賠償,時間: Sat Jan  6 20:03:23 2024,12,2024-01-06 20:03:23
推: 3,噓: 0,分數: 3,作者: a1e (我上了賊船了囧),標題: Re: [爆卦] 緬甸軍砲擊中國雲南省導致重傷,時間: Sat Jan  6 20:05:31 2024,3,2024-01-06 20:05:31
推: 3,噓: 0,分數: 3,作者: js52666 (嘻嘻☺),標題: [問卦] 中南部電台賣的藥可以跟日本一戰嗎？,時間: Sat Jan  6 20:07:05 2024,3,2024-01-06 20:07:05
推: 5,噓: 1,分數: 4,作者: basterds (惡棍特工),標題: [問卦] 小粉紅解放軍是不是孬了？,時間: Sat Jan  6 20:07:24 2024,5,2024-01-06 20:07:24
推: 16,噓: 0,分數: 16,作者: claymath (ヽ(‵・ω・′)ゝ),標題: Re: [問卦] 1/12鄉民會揪團去凱道湊人數嗎？,時間: Sat Jan  6 20:07:37 2024,16,2024-01-06 20:07:37
推: 0,噓: 0,分數: 0,作者: uiorefd (小魯),標題: Re: [問卦] 為什麼生活實際上常常「沒選擇」?,時間: Sat Jan  6 20:09:28 2024,0,2024-01-06 20:09:28
推: 2,噓: 0,分數: 2,作者: gaiaesque (一起來聽techno八 o'_'o),標題: [問卦] 豪大歐 >///<,時間: Sat Jan  6 20:10:30 2024,2,2024-01-06 20:10:30
推: 13,噓: 4,分數: 9,作者: ncc5566 (政大宅男),標題: [問卦] 大家看a片的關鍵字是啥??,時間: Sat Jan  6 20:10:45 2024,13,2024-01-06 20:10:45
推: 2,噓: 1,分數: 1,作者: plugtask (西方阿湯哥東方宗瑞哥),標題: [問卦] 中壢夜市附近怎那麼多遊覽車?,時間: Sat Jan  6 20:11:09 2024,2,2024-01-06 20:11:09
推: 3,噓: 0,分數: 3,作者: sua (sua),標題: [問卦] 好興奮的台語也是挖苦挖苦？,時間: Sat Jan  6 20:11:31 2024,3,2024-01-06 20:11:31
推: 1,噓: 1,分數: 0,作者: jen1121 (programmer),標題: [問卦] 社交工程的極致？,時間: Sat Jan  6 20:11:44 2024,1,2024-01-06 20:11:44
推: 3,噓: 2,分數: 1,作者: powerg5 (mac),標題: [問卦] 木瓜沙拉配什麼飯或麵食才好吃？,時間: Sat Jan  6 20:11:49 2024,3,2024-01-06 20:11:49
推: 16,噓: 2,分數: 14,作者: lt5114 (REDONDO),標題: Re: [新聞] 再現貪食蛇！民眾黨今晚台中大會師,時間: Sat Jan  6 20:12:40 2024,16,2024-01-06 20:12:40
推: 12,噓: 3,分數: 9,作者: moneybuy (),標題: [問卦] 吳子嘉跟館長有甚麼仇= =,時間: Sat Jan  6 20:13:01 2024,12,2024-01-06 20:13:01
推: 4,噓: 0,分數: 4,作者: chubby31190 (優文專家),標題: [問卦] 遊覽車業者其實很賺吧？,時間: Sat Jan  6 20:14:00 2024,4,2024-01-06 20:14:00
推: 17,噓: 11,分數: 6,作者: SeaForest (~海森林~),標題: [問卦] 高雄輕軌真的贏麻了,時間: Sat Jan  6 20:14:16 2024,17,2024-01-06 20:14:16
推: 2,噓: 0,分數: 2,作者: jack97256 (雪芙第一),標題: [問卦] 下禮拜會有垃圾時間嗎,時間: Sat Jan  6 20:16:23 2024,2,2024-01-06 20:16:23
推: 3,噓: 5,分數: -2,作者: piggy37 (小時),標題: [問卦] 是不是因爲漲工資導致物價上漲,時間: Sat Jan  6 20:17:29 2024,3,2024-01-06 20:17:29
推: 14,噓: 0,分數: 14,作者: YqYq5566 (三重Curry),標題: Re: [問卦] 現在在看中視新聞的是哪些人,時間: Sat Jan  6 20:18:08 2024,14,2024-01-06 20:18:08
推: 10,噓: 0,分數: 10,作者: subcrew (Working Below The Hype),標題: [問卦] 遊覽車老闆最近是不是很爽,時間: Sat Jan  6 20:21:00 2024,10,2024-01-06 20:21:00
推: 3,噓: 3,分數: 0,作者: pprino (于晏的腦婆),"標題: [問卦] 普女整形成醫師工程師搶著要,大概多少",時間: Sat Jan  6 20:22:07 2024,3,2024-01-06 20:22:07
推: 8,噓: 4,分數: 4,作者: t20056 (有前科的可憐人),標題: [問卦] 國中女生喜歡怎樣特質的男生呢?,時間: Sat Jan  6 20:22:43 2024,8,2024-01-06 20:22:43
推: 2,噓: 1,分數: 1,作者: ga3322165 (Jkor),標題: [問卦] 油艘比的歌是進化版科目三嗎？,時間: Sat Jan  6 20:23:09 2024,2,2024-01-06 20:23:09
推: 3,噓: 0,分數: 3,作者: afiend0927 (飛輪爵士),標題: Re: [問卦] 十元20元的漲 漲到你發寒？,時間: Sat Jan  6 20:25:09 2024,3,2024-01-06 20:25:09
推: 0,噓: 0,分數: 0,作者: chinaeatshit (我愛台灣！中國吃屎！！),標題: Re: [問卦] 是不是因爲漲工資導致物價上漲,時間: Sat Jan  6 20:25:20 2024,0,2024-01-06 20:25:20
推: 3,噓: 1,分數: 2,作者: WeiU (台大IU),標題: [問卦] 超商買東西不看價錢算財富自由了嗎？,時間: Sat Jan  6 20:26:29 2024,3,2024-01-06 20:26:29
推: 7,噓: 0,分數: 7,作者: taipei5566 (臺北56),標題: [問卦] 幾歲開始人生定型?,時間: Sat Jan  6 20:27:03 2024,7,2024-01-06 20:27:03
推: 8,噓: 4,分數: 4,作者: notimenofree (裝忙),標題: [問卦] 急！妹子約下週六早上爬山怎辦,時間: Sat Jan  6 20:27:53 2024,8,2024-01-06 20:27:53
推: 9,噓: 1,分數: 8,作者: saiulbb (#KEEP MLB GREAT!),標題: [新聞] Pascal 語言設計者，尼克勞斯維爾特過世,時間: Sat Jan  6 20:28:55 2024,9,2024-01-06 20:28:55
推: 4,噓: 0,分數: 4,作者: bill840207 (洢小庭),標題: [問卦] 最好的競選小物是什麼,時間: Sat Jan  6 20:29:29 2024,4,2024-01-06 20:29:29
推: 6,噓: 1,分數: 5,作者: mystage (亭),標題: [問卦] 怎麼看這份最新民調結果？算爆冷吧,時間: Sat Jan  6 20:29:40 2024,6,2024-01-06 20:29:40
推: 2,噓: 1,分數: 1,作者: KeepHard (0.0),標題: [問卦] 鬍鬚張的滷肉飯可以切好看一點嗎,時間: Sat Jan  6 20:29:53 2024,2,2024-01-06 20:29:53
推: 1,噓: 0,分數: 1,作者: xzcb2008 (可愛老娘變態貓貓=.=),標題: Re: [問卦] 雖敗猶榮之後能幹嘛？,時間: Sat Jan  6 20:29:59 2024,1,2024-01-06 20:29:59
推: 1,噓: 2,分數: -1,作者: davidex (玉藻前我的),標題: [問卦] 我同學去找工作結果被當奴隸怎麼辦？,時間: Sat Jan  6 20:30:14 2024,1,2024-01-06 20:30:14
推: 3,噓: 0,分數: 3,作者: arnold3 (憂鬱型男阿雲),標題: Re: [問卦] 大家看a片的關鍵字是啥??,時間: Sat Jan  6 20:30:42 2024,3,2024-01-06 20:30:42
推: 4,噓: 6,分數: -2,作者: mizuarashi (米茲阿拉西),標題: [問卦] 酷為什麼可以在總統府為所欲為？,時間: Sat Jan  6 20:30:57 2024,4,2024-01-06 20:30:57
推: 171,噓: 22,分數: 149,作者: adam7148 (Adam),標題: [新聞] 柯文哲黃金週六攻搖擺州　台中造勢「破3.,時間: Sat Jan  6 20:31:49 2024,171,2024-01-06 20:31:49
推: 8,噓: 15,分數: -7,作者: CREA (人間不信),標題: [新聞] 單日南北跑6縣市　賴搭「專機、車隊」移動,時間: Sat Jan  6 20:31:59 2024,8,2024-01-06 20:31:59
推: 6,噓: 2,分數: 4,作者: e9837704 (Marschiou),標題: [問卦] 關鍵時刻都不播外星人了嗎？,時間: Sat Jan  6 20:32:08 2024,6,2024-01-06 20:32:08
推: 9,噓: 3,分數: 6,作者: stock5566 (股神56),標題: [問卦] 男女打砲誰先去洗澡？,時間: Sat Jan  6 20:32:28 2024,9,2024-01-06 20:32:28
推: 1,噓: 1,分數: 0,作者: tingmeow (網軍110),標題: [問卦] 實境解謎/逃脫適合頭腦好的人？〓〓,時間: Sat Jan  6 20:32:34 2024,1,2024-01-06 20:32:34
推: 9,噓: 1,分數: 8,作者: qr1348 (56789),標題: [問卦] 網軍的套路,時間: Sat Jan  6 20:33:36 2024,9,2024-01-06 20:33:36
推: 25,噓: 76,分數: -51,作者: gy00015 (趕貓用思思),標題: [新聞] 《在路上》影片爆紅！　賴清德：加油不要,時間: Sat Jan  6 20:34:19 2024,25,2024-01-06 20:34:19
推: 13,噓: 1,分數: 12,作者: Anderson0819 (炸醬牛肉烏龍麵),標題: [問卦] 烏俄戰爭最新情報（更新至20240105）,時間: Sat Jan  6 20:34:53 2024,13,2024-01-06 20:34:53
推: 14,噓: 0,分數: 14,作者: skn60694 (入聲),標題: [新聞] 疑神智不清「亮刀自宮」！蜱蟲咬傷爆幻覺,時間: Sat Jan  6 20:35:43 2024,14,2024-01-06 20:35:43
推: 11,噓: 3,分數: 8,作者: TZUYIC (Celine-Flying On My Own),標題: [新聞] 百事可樂、樂事洋芋片不賣了　法國家樂福,時間: Sat Jan  6 20:38:10 2024,11,2024-01-06 20:38:10
推: 124,噓: 7,分數: 117,作者: onion27 (onion27),標題: Re: [新聞] 被館粉出征！吳子嘉「粗口連發」嗆：被開,時間: Sat Jan  6 20:38:53 2024,124,2024-01-06 20:38:53
推: 3,噓: 0,分數: 3,作者: andrewkuo (),標題: [新聞] 特朗普集團否認在前總統任期內收受不當款,時間: Sat Jan  6 20:42:40 2024,3,2024-01-06 20:42:40
推: 8,噓: 4,分數: 4,作者: Xp3310 (Nokia),標題: [問卦] 十二生肖裡為何沒有貓,時間: Sat Jan  6 20:43:04 2024,8,2024-01-06 20:43:04
推: 7,噓: 0,分數: 7,作者: zzyyxx77 (討噓大師77),標題: [問卦] 27歲女性 公務員 只會打掃 可以嗎??,時間: Sat Jan  6 20:43:29 2024,7,2024-01-06 20:43:29
推: 1,噓: 4,分數: -3,作者: driftyem (云云),標題: [問卦] 台灣有像Jimin一樣的藝人嗎？,時間: Sat Jan  6 20:45:25 2024,1,2024-01-06 20:45:25
推: 9,噓: 1,分數: 8,作者: tp6gp40 (KKAN),標題: [問卦] 有比多力滋辣起司更辣或是一樣的零食嗎,時間: Sat Jan  6 20:46:06 2024,9,2024-01-06 20:46:06
推: 179,噓: 12,分數: 167,作者: wwewcwwwf (桃園竹野內 豐),標題: [問卦] 中視是不是造反了阿?,時間: Sat Jan  6 20:48:01 2024,179,2024-01-06 20:48:01
推: 3,噓: 3,分數: 0,作者: sdamel (國民美尻男=ˇ=),標題: [問卦] 泡裸湯泡一半有人進來怎麼辦,時間: Sat Jan  6 20:49:57 2024,3,2024-01-06 20:49:57
推: 5,噓: 1,分數: 4,作者: k99t (聖誕小雞),標題: [問卦] 可以靠自己閱讀學習學會的人是不是很強？,時間: Sat Jan  6 20:51:32 2024,5,2024-01-06 20:51:32
推: 1,噓: 0,分數: 1,作者: Comebuy (三分鐘熱度),標題: [新聞] SBL裕隆涉假球案！士檢傳喚4前球員1組頭,時間: Sat Jan  6 20:51:52 2024,1,2024-01-06 20:51:52
推: 362,噓: 26,分數: 336,作者: fvx335 (呱呱呱),標題: [爆卦] 升級! 貪食蛇2.0,時間: Sat Jan  6 20:54:11 2024,362,2024-01-06 20:54:11
推: 8,噓: 39,分數: -31,作者: felixden (Gura的老公),標題: [問卦] 妹妹坐我腿上時手該摸哪裡？,時間: Sat Jan  6 20:55:05 2024,8,2024-01-06 20:55:05
推: 4,噓: 0,分數: 4,作者: coon182 (微笑小空空♥),標題: [問卦] 看人玩跑酷卻期盼摔死會很無良嗎？,時間: Sat Jan  6 20:55:26 2024,4,2024-01-06 20:55:26
推: 22,噓: 4,分數: 18,作者: fraternity (猴猴做歹誌),標題: [問卦] 桃園人好意思說自己有捷運喔？,時間: Sat Jan  6 20:56:38 2024,22,2024-01-06 20:56:38
推: 6,噓: 6,分數: 0,作者: yun0615ch (阿毛毛),標題: Re: [新聞] 柯文哲黃金週六攻搖擺州　台中造勢「破3.,時間: Sat Jan  6 20:57:24 2024,6,2024-01-06 20:57:24
推: 274,噓: 152,分數: 122,作者: jefflin0824 (jeff),標題: [新聞] 「柯文哲不會贏！」韓國瑜割袍斷義　勸柯,時間: Sat Jan  6 20:57:34 2024,274,2024-01-06 20:57:34
推: 10,噓: 1,分數: 9,作者: taipei5566 (臺北56),標題: [問卦] 30歲後英文還可能學會嗎?,時間: Sat Jan  6 20:57:59 2024,10,2024-01-06 20:57:59
推: 158,噓: 1,分數: 157,作者: FeiChinzz (路人甲),標題: [問卦] 韓國熊貓輝寶睿寶怎麼哪麼髒?(發錢),時間: Sat Jan  6 20:59:12 2024,158,2024-01-06 20:59:12
推: 91,噓: 5,分數: 86,作者: nk11208z (小魯),標題: [問卦] 台灣有實況主單台破6萬的嗎?,時間: Sat Jan  6 21:00:07 2024,91,2024-01-06 21:00:07
推: 2,噓: 1,分數: 1,作者: qazStarStar (我不是派大星),標題: [問卦] 死忠粉都在想甚麼 ex統神國動粉,時間: Sat Jan  6 21:00:44 2024,2,2024-01-06 21:00:44
推: 2,噓: 3,分數: -1,作者: haruka281 (危險長生機劫還是硬上XD),標題: Re: [問卦] 臺鐵廢到笑沒錯吧,時間: Sat Jan  6 21:03:36 2024,2,2024-01-06 21:03:36
推: 11,噓: 6,分數: 5,作者: metallican (鋼鐵人),標題: [新聞] 呼巴掌、打屁股　屁孩遊客虐待水豚還自拍,時間: Sat Jan  6 21:04:04 2024,11,2024-01-06 21:04:04
推: 4,噓: 5,分數: -1,作者: cutiehoneyzu (McHilo),標題: [問卦] 提到「你們畢竟是死忠的」你會想到什麼？,時間: Sat Jan  6 21:06:35 2024,4,2024-01-06 21:06:35
推: 19,噓: 1,分數: 18,作者: jeff860109 (路人甲),標題: [問卦] 巷口雞翅一隻25了？,時間: Sat Jan  6 21:06:43 2024,19,2024-01-06 21:06:43
推: 1,噓: 1,分數: 0,作者: patagonia (刺激1995),標題: [問卦] 瑞典人過聖誕節要看唐老鴨？,時間: Sat Jan  6 21:06:53 2024,1,2024-01-06 21:06:53
推: 0,噓: 12,分數: -12,作者: ssiou (科科~~),標題: [問卦] 在版上噓文外面聽得見嗎？,時間: Sat Jan  6 21:08:01 2024,0,2024-01-06 21:08:01
推: 2,噓: 0,分數: 2,作者: derrick1220 (新竹野內豐),標題: [問卦] 肥宅484很適合練葵花寶典？O_o,時間: Sat Jan  6 21:08:13 2024,2,2024-01-06 21:08:13
推: 556,噓: 140,分數: 416,作者: Wojnarowski (@wojespn),標題: [新聞] 酸柯文哲是空氣槍！韓國瑜喊：熱鬧但不會,時間: Sat Jan  6 21:08:20 2024,556,2024-01-06 21:08:20
推: 6,噓: 1,分數: 5,作者: saiulbb (#KEEP MLB GREAT!),標題: [問卦] 橋本環奈是地下偶像發展的頂點嗎？,時間: Sat Jan  6 21:09:05 2024,6,2024-01-06 21:09:05
推: 3,噓: 0,分數: 3,作者: ttnakafzcm (tt大),標題: Re: [爆卦] 空中浩劫第24季 大園空難 華航676,時間: Sat Jan  6 21:09:42 2024,3,2024-01-06 21:09:42
推: 5,噓: 7,分數: -2,作者: realtw (realtw良心說 不比臺灣女),標題: [問卦] 日本秋田犬就中國的中華田園犬？,時間: Sat Jan  6 21:10:37 2024,5,2024-01-06 21:10:37
推: 0,噓: 0,分數: 0,作者: Vincent6964 (),標題: Re: [新聞] 酸柯文哲是空氣槍！韓國瑜喊：熱鬧但不會,時間: Sat Jan  6 21:12:13 2024,0,2024-01-06 21:12:13
推: 6,噓: 0,分數: 6,作者: tsengcc (),標題: [新聞] 關山國有地出租開發光電惹議 國產署:需,時間: Sat Jan  6 21:12:13 2024,6,2024-01-06 21:12:13
推: 1,噓: 0,分數: 1,作者: terry21111 (pi),標題: Re: [問卦] 愛在西元前這首歌不能再唱了？,時間: Sat Jan  6 21:12:24 2024,1,2024-01-06 21:12:24
推: 7,噓: 1,分數: 6,作者: tzujan (無),標題: Re: [問卦] 中視是不是造反了阿?,時間: Sat Jan  6 21:12:31 2024,7,2024-01-06 21:12:31
推: 6,噓: 0,分數: 6,作者: b00668880 (請給我黃金),標題: Re: [問卦] 升級? 貪食蛇2.0嗎?,時間: Sat Jan  6 21:12:55 2024,6,2024-01-06 21:12:55
推: 6,噓: 1,分數: 5,作者: createlight (創輝),標題: [新聞] 廈門高校學生上外網受罰 被迫簽不翻牆承,時間: Sat Jan  6 21:13:28 2024,6,2024-01-06 21:13:28
推: 8,噓: 0,分數: 8,作者: zakijudelo (Zack),標題: Re: [爆卦] 升級! 貪食蛇2.0,時間: Sat Jan  6 21:15:28 2024,8,2024-01-06 21:15:28
推: 1,噓: 1,分數: 0,作者: kerkerson (高處不勝寒),標題: [問卦] 比賽為啥爭第二比第一還激烈RRR???,時間: Sat Jan  6 21:15:30 2024,1,2024-01-06 21:15:30
推: 7,噓: 3,分數: 4,作者: akila08539 (平手友梨奈我老婆),標題: [新聞] 台南立委搶年輕票 陳亭妃辦女力音樂祭、,時間: Sat Jan  6 21:15:37 2024,7,2024-01-06 21:15:37
推: 21,噓: 3,分數: 18,作者: a2251325 (碩),標題: [問卦] 投票結果不滿意可以再表決一次嗎,時間: Sat Jan  6 21:15:56 2024,21,2024-01-06 21:15:56
推: 10,噓: 10,分數: 0,作者: Gamblers5566 (gambler),標題: [問卦] 年輕人到底在不爽什麼？,時間: Sat Jan  6 21:17:32 2024,10,2024-01-06 21:17:32
推: 3,噓: 0,分數: 3,作者: werqq (sandy0980),標題: [問卦] 習近平大大下星期六會看哪台？,時間: Sat Jan  6 21:18:38 2024,3,2024-01-06 21:18:38
推: 38,噓: 2,分數: 36,作者: bonjovii (BonBon),標題: [問卦] 我這樣會很不孝嗎?,時間: Sat Jan  6 21:19:08 2024,38,2024-01-06 21:19:08
推: 8,噓: 0,分數: 8,作者: pauljet (拜登哥不要),標題: Re: [新聞] 俄以北韓飛彈襲烏 局勢恐惡化,時間: Sat Jan  6 21:19:15 2024,8,2024-01-06 21:19:15
推: 4,噓: 2,分數: 2,作者: a28200266 (陣雨),標題: [問卦] 為什麼妹子跳舞都要三個鏡像?,時間: Sat Jan  6 21:23:52 2024,4,2024-01-06 21:23:52
推: 2,噓: 0,分數: 2,作者: k99t (聖誕小雞),標題: [問卦] 台灣娃娃機店跟日本娃娃機 哪個困難？,時間: Sat Jan  6 21:24:18 2024,2,2024-01-06 21:24:18
推: 194,噓: 38,分數: 156,作者: lonzoball02 (東南亞廢文肥宅),標題: [問卦] 1/13是不是不用崩潰了？,時間: Sat Jan  6 21:25:01 2024,194,2024-01-06 21:25:01
推: 7,噓: 2,分數: 5,作者: kingfsg7326 (認 同 請 按 2 ),標題: [問卦] 求她的網軍停止對我的攻擊 是啥意思?,時間: Sat Jan  6 21:25:45 2024,7,2024-01-06 21:25:45
推: 11,噓: 5,分數: 6,作者: ryaoke (破風王者),標題: [新聞] 林右昌陪羅致政車隊掃街 推薦優質立委連,時間: Sat Jan  6 21:26:50 2024,11,2024-01-06 21:26:50
推: 11,噓: 2,分數: 9,作者: jomon817 (Jomon),標題: [問卦] 老人為什麼體力那麼好？,時間: Sat Jan  6 21:27:05 2024,11,2024-01-06 21:27:05
推: 44,噓: 5,分數: 39,作者: ruthertw (督人無數就是我),標題: [新聞] 多圖／柯文哲台中造勢「一票頭戴民主小,時間: Sat Jan  6 21:27:43 2024,44,2024-01-06 21:27:43
推: 29,噓: 0,分數: 29,作者: lwt501cx (爆裂魔法Explosion！！),標題: [公告] 不死不運 & 水桶,時間: Sat Jan  6 21:28:09 2024,29,2024-01-06 21:28:09
推: 5,噓: 0,分數: 5,作者: soulgel (像太陽般溫暖),標題: Re: [新聞] 國民黨出手！踢爆賴清德炒地「1年暴賺800,時間: Sat Jan  6 21:28:57 2024,5,2024-01-06 21:28:57
推: 4,噓: 1,分數: 3,作者: qize1428 (倫),標題: [問卦] 為啥臉書都推給我奇怪的廣告？,時間: Sat Jan  6 21:29:20 2024,4,2024-01-06 21:29:20
推: 3,噓: 1,分數: 2,作者: aventardorsv (lamborghini aventadorsv),標題: [問卦] ☺  59+1=多少？,時間: Sat Jan  6 21:29:33 2024,3,2024-01-06 21:29:33
推: 22,噓: 0,分數: 22,作者: inmee (J),標題: [問卦] 覺得華堡比大麥克好吃，正常嗎?,時間: Sat Jan  6 21:30:16 2024,22,2024-01-06 21:30:16
推: 8,噓: 0,分數: 8,作者: noname78531 (1+1=0),標題: [問卦] 明天要去高雄 塞在路上機率高嗎,時間: Sat Jan  6 21:32:11 2024,8,2024-01-06 21:32:11
推: 8,噓: 0,分數: 8,作者: anonymitet (   ),標題: [問卦] ㄟ 以色列人跟阿拉伯人同一個祖先所以當,時間: Sat Jan  6 21:32:16 2024,8,2024-01-06 21:32:16
推: 11,噓: 3,分數: 8,作者: ReiKuromiya (ReiKuromiya),標題: [問卦] 可愛小奶妹VS土土大奶妹,時間: Sat Jan  6 21:34:40 2024,11,2024-01-06 21:34:40
推: 5,噓: 1,分數: 4,作者: ssiou (科科~~),標題: [問卦] 尚毅夫是不是很受歡迎,時間: Sat Jan  6 21:34:46 2024,5,2024-01-06 21:34:46
推: 355,噓: 47,分數: 308,作者: ubcs (覺★青年超冒險蓋),標題: [公告] 帳號養了很好但下次別漬鯊惹 水桶,時間: Sat Jan  6 21:35:14 2024,355,2024-01-06 21:35:14
推: 13,噓: 4,分數: 9,作者: chopper594 (世界のももクロ No.1!!!),標題: Re: [新聞] 「柯文哲不會贏！」韓國瑜割袍斷義　勸柯,時間: Sat Jan  6 21:37:44 2024,13,2024-01-06 21:37:44
推: 7,噓: 1,分數: 6,作者: saiulbb (#KEEP MLB GREAT!),標題: [問卦] 現在發文門檻限制2000登入還是太低了對吧？,時間: Sat Jan  6 21:38:28 2024,7,2024-01-06 21:38:28
推: 280,噓: 18,分數: 262,作者: bowen5566 (天殘腳56),標題: [問卦] 同接人數破8萬是什麼程度？（9萬了）,時間: Sat Jan  6 21:39:31 2024,280,2024-01-06 21:39:31
推: 1,噓: 1,分數: 0,作者: abcrr123 (趙雲),標題: [問卦] 怕癢的人是不是不適合腳底/全身按摩？,時間: Sat Jan  6 21:39:53 2024,1,2024-01-06 21:39:53
推: 2,噓: 0,分數: 2,作者: anonymitet (   ),標題: Re: [問卦] 有誰適合放在台幣鈔票上？,時間: Sat Jan  6 21:41:06 2024,2,2024-01-06 21:41:06
推: 3,噓: 0,分數: 3,作者: wen12305 (偏鄉替代役),標題: [問卦] 把土地還給人民，然後勒？,時間: Sat Jan  6 21:41:28 2024,3,2024-01-06 21:41:28
推: 7,噓: 7,分數: 0,作者: razan (僅供參考),標題: [新聞] 去年經濟欠佳才沒缺電？台電：用電量史上,時間: Sat Jan  6 21:41:32 2024,7,2024-01-06 21:41:32
推: 0,噓: 0,分數: 0,作者: zhtw (Select None),標題: [問卦] 有沒有盜版NB鞋的八卦？,時間: Sat Jan  6 21:42:06 2024,0,2024-01-06 21:42:06
推: 7,噓: 5,分數: 2,作者: williammini (迷你衛里恩),標題: [問卦] 十萬肛你一次 你願意嗎?,時間: Sat Jan  6 21:42:44 2024,7,2024-01-06 21:42:44
推: 8,噓: 0,分數: 8,作者: ccyaztfe (1357924680),標題: [問卦] 拿到選舉公報該注意些什麼？,時間: Sat Jan  6 21:43:05 2024,8,2024-01-06 21:43:05
推: 7,噓: 2,分數: 5,作者: nonnon (我愛李多慧),標題: [問卦] 有沒有禽獸朋友們的八卦？,時間: Sat Jan  6 21:44:01 2024,7,2024-01-06 21:44:01
推: 1,噓: 0,分數: 1,作者: MeiHS (簽名檔詳見 其他版晃到，),"標題: [問卦] 主管周五才說要加班,尼一定會留下嗎?",時間: Sat Jan  6 21:45:37 2024,1,2024-01-06 21:45:37
推: 6,噓: 0,分數: 6,作者: purue (purue),標題: [問卦] 昨晚邁阿密幾十台警車是發生什麼事了,時間: Sat Jan  6 21:46:15 2024,6,2024-01-06 21:46:15
推: 110,噓: 42,分數: 68,作者: kikiki37 (441),標題: [問卦] 統神:看來勝負已定，下週準備郊遊出去玩,時間: Sat Jan  6 21:46:27 2024,110,2024-01-06 21:46:27
推: 2,噓: 0,分數: 2,作者: chan324 (北極熊),標題: [問卦] 肥宅改跟龍妹告白 有機會嗎,時間: Sat Jan  6 21:47:31 2024,2,2024-01-06 21:47:31
推: 52,噓: 6,分數: 46,作者: inoce (),標題: [問卦] 中視也跟著台視起風了嗎？！,時間: Sat Jan  6 21:47:41 2024,52,2024-01-06 21:47:41
推: 3,噓: 2,分數: 1,作者: Axwell (Axwell),標題: [問卦] 大谷翔平穿棉褲,時間: Sat Jan  6 21:49:53 2024,3,2024-01-06 21:49:53
推: 15,噓: 61,分數: -46,作者: mars1985 (╰|∵|╯),標題: [新聞] 選前黃金周！蘇貞昌轟國民黨執政「年年,時間: Sat Jan  6 21:50:16 2024,15,2024-01-06 21:50:16
推: 5,噓: 1,分數: 4,作者: TOMMY75410 (禿米),標題: [問卦] 等一下，殺生丸根本蘿莉控+犯罪惹吧！,時間: Sat Jan  6 21:50:46 2024,5,2024-01-06 21:50:46
推: 7,噓: 2,分數: 5,作者: kevin19528 (kk19528),標題: [問卦] 太離譜了～～～～,時間: Sat Jan  6 21:50:52 2024,7,2024-01-06 21:50:52
推: 11,噓: 2,分數: 9,作者: gcc9200 (),標題: [問卦] 造勢晚會的遊覽車,時間: Sat Jan  6 21:52:35 2024,11,2024-01-06 21:52:35
推: 10,噓: 3,分數: 7,作者: micheal59 (Pohan),標題: [問卦] 各位覺得下禮拜六會變天嗎?,時間: Sat Jan  6 21:52:41 2024,10,2024-01-06 21:52:41
推: 2,噓: 1,分數: 1,"作者: aitt (非主流,有何不可(M))",標題: [問卦] 這幾年車價漲幅應該超過薪資所得增幅吧,時間: Sat Jan  6 21:53:17 2024,2,2024-01-06 21:53:17
推: 9,噓: 1,分數: 8,作者: Waitaha (pinga),標題: [新聞] 吳欣盈到彰化夜市掃街受歡迎 小試身手打,時間: Sat Jan  6 21:53:27 2024,9,2024-01-06 21:53:27
推: 7,噓: 7,分數: 0,作者: ccugoo (小麥),標題: [新聞] 好心疼！五月天阿信開唱前「突曬打針照」　認了緊急治療,時間: Sat Jan  6 21:53:48 2024,7,2024-01-06 21:53:48
推: 1,噓: 0,分數: 1,作者: kiki1219 (=大坪林書豪=),標題: Re: [問卦] 民主到底是什麼?,時間: Sat Jan  6 21:53:58 2024,1,2024-01-06 21:53:58
推: 11,噓: 0,分數: 11,作者: DavidJam (天下沒有一蹴可幾的事),標題: [問卦] 要怎麼看風向啊？,時間: Sat Jan  6 21:54:11 2024,11,2024-01-06 21:54:11
推: 432,噓: 59,分數: 373,作者: chopper594 (世界のももクロ No.1!!!),標題: Re: [新聞] 王婉諭：時代力量有望衝過政黨票門檻 達,時間: Sat Jan  6 21:54:33 2024,432,2024-01-06 21:54:33
推: 7,噓: 2,分數: 5,作者: YU0121 (愛玉冰™),標題: [問卦] 傳產最近賺不少吧？,時間: Sat Jan  6 21:56:04 2024,7,2024-01-06 21:56:04
推: 6,噓: 1,分數: 5,作者: k99t (聖誕小雞),標題: [問卦] 請問有沒有空姐的故鄉南崁的八卦呢？,時間: Sat Jan  6 21:56:20 2024,6,2024-01-06 21:56:20
推: 5,噓: 3,分數: 2,作者: pulagu (超越),標題: [新聞] 北京下令商戶菜刀拴鏈 深圳超市刀具櫃上鎖,時間: Sat Jan  6 21:57:24 2024,5,2024-01-06 21:57:24
推: 6,噓: 2,分數: 4,作者: AgentZero (特務零),標題: [問卦] 保底40趴還是會贏吧 戒慎恐懼啊各位,時間: Sat Jan  6 21:57:58 2024,6,2024-01-06 21:57:58
推: 2,噓: 0,分數: 2,作者: SirChen (vanilla tobacco),標題: Re: [新聞] 伊拉克「真主黨旅」宣布參戰！　聲稱,時間: Sat Jan  6 21:58:44 2024,2,2024-01-06 21:58:44
推: 108,噓: 3,分數: 105,作者: IJuBan (我就笨),標題: [問卦] 徵求幹話語錄的經典,時間: Sat Jan  6 21:58:45 2024,108,2024-01-06 21:58:45
推: 8,噓: 1,分數: 7,作者: jason050117 (),標題: [問卦] 認真問，金城武的演技怎麼樣?,時間: Sat Jan  6 21:59:21 2024,8,2024-01-06 21:59:21
推: 15,噓: 1,分數: 14,作者: super1314159 (你有多久沒看台灣團體了?),標題: [問卦] 噁男聚會結果台下都是香香的妹子 可能嗎?,時間: Sat Jan  6 22:00:10 2024,15,2024-01-06 22:00:10
推: 84,噓: 20,分數: 64,作者: Goog1e (咕狗),標題: [問卦] 線上9.1萬人同時觀看是什麼水準,時間: Sat Jan  6 22:03:41 2024,84,2024-01-06 22:03:41
推: 4,噓: 4,分數: 0,作者: v929598 (實感.手作廢文),標題: [問卦] 老人家通常會把身分證放在哪?,時間: Sat Jan  6 22:03:43 2024,4,2024-01-06 22:03:43
推: 19,噓: 14,分數: 5,作者: kerkerson (高處不勝寒),標題: [新聞]藍有改變 侯友宜:入黨5年選總統以前可能嗎,時間: Sat Jan  6 22:04:11 2024,19,2024-01-06 22:04:11
推: 1,噓: 2,分數: -1,作者: qazStarStar (我不是派大星),標題: Re: [問卦] 統神:看來勝負已定，下週準備郊遊出去玩,時間: Sat Jan  6 22:04:37 2024,1,2024-01-06 22:04:37
推: 160,噓: 25,分數: 135,作者: rs23234 (.),標題: [問卦] 直播線上人數9萬1是什麼程度？,時間: Sat Jan  6 22:05:29 2024,160,2024-01-06 22:05:29
推: 5,噓: 1,分數: 4,作者: kinve1014 (黑松可樂),標題: [問卦] 星期六週末夜 趁亂偷曬貓貓,時間: Sat Jan  6 22:08:11 2024,5,2024-01-06 22:08:11
推: 39,噓: 7,分數: 32,作者: kinki5566 (近畿小子5566),標題: [新聞] 愛莉莎莎泰國買房！過來人搖頭分析「3窘境」：,時間: Sat Jan  6 22:09:02 2024,39,2024-01-06 22:09:02
推: 12,噓: 0,分數: 12,"作者: aitt (非主流,有何不可(M))",標題: [問卦] 如果大家都不想當公車司機會如何?,時間: Sat Jan  6 22:10:08 2024,12,2024-01-06 22:10:08
推: 5,噓: 1,分數: 4,作者: c654321000 (leehi ),標題: [問卦] 起風了嗎？,時間: Sat Jan  6 22:10:21 2024,5,2024-01-06 22:10:21
推: 4,噓: 0,分數: 4,作者: ai770116 (東方的神秘力量),標題: [問卦] 為何全世界都要保護未成年罪犯？,時間: Sat Jan  6 22:13:07 2024,4,2024-01-06 22:13:07
推: 7,噓: 0,分數: 7,作者: emperor (派蘿派蘿得第一),標題: [問卦] 川普當年是怎麼逆轉勝肥希的?,時間: Sat Jan  6 22:13:16 2024,7,2024-01-06 22:13:16
推: 2,噓: 0,分數: 2,作者: h50212263 (奈威),標題: [問卦] 蓋監獄跟蓋社宅二選一,時間: Sat Jan  6 22:13:31 2024,2,2024-01-06 22:13:31
推: 5,噓: 0,分數: 5,作者: dragonmester (),標題: [問卦] 手機接到02開頭的陌生號碼要接嗎,時間: Sat Jan  6 22:14:10 2024,5,2024-01-06 22:14:10
推: 11,噓: 0,分數: 11,作者: kalababygi (海勒姆),標題: [問卦] 深偽技術，五百人P成五萬人，太離譜了,時間: Sat Jan  6 22:14:50 2024,11,2024-01-06 22:14:50
推: 15,噓: 1,分數: 14,作者: Jaygo5566 (杰哥5566),標題: [問卦] 在舞會上的女孩兒比這個手勢是？,時間: Sat Jan  6 22:15:58 2024,15,2024-01-06 22:15:58
推: 1,噓: 0,分數: 1,作者: ccyaztfe (1357924680),標題: Re: [問卦] 為何全世界都要保護未成年罪犯？,時間: Sat Jan  6 22:17:15 2024,1,2024-01-06 22:17:15
推: 104,噓: 5,分數: 99,作者: humbler (獸人H),標題: [新聞] 吳欣盈雲林催票！廟前喊口號先問：會不會,時間: Sat Jan  6 22:17:43 2024,104,2024-01-06 22:17:43
推: 27,噓: 0,分數: 27,作者: kevin19528 (kk19528),標題: Re: [問卦] 同接人數破8萬是什麼程度？（9萬了）,時間: Sat Jan  6 22:19:53 2024,27,2024-01-06 22:19:53
推: 160,噓: 1,分數: 159,作者: ubcs (覺★青年超冒險蓋),標題: [公告] 政問的英姿40秒就會被遺忘惹 水桶,時間: Sat Jan  6 22:20:37 2024,160,2024-01-06 22:20:37
推: 8,噓: 3,分數: 5,作者: VVizZ (我很窮),標題: [問卦] 禮拜天精神科有開嗎？,時間: Sat Jan  6 22:22:28 2024,8,2024-01-06 22:22:28
推: 2,噓: 1,分數: 1,作者: v929598 (實感.手作廢文),標題: Re: [問卦] 如果大家都不想當公車司機會如何?,時間: Sat Jan  6 22:22:55 2024,2,2024-01-06 22:22:55
推: 29,噓: 23,分數: 6,作者: ipipwrong (Guess),標題: [新聞] 蔡英文造勢脫稿問支持者《在路上》觀看次,時間: Sat Jan  6 22:23:53 2024,29,2024-01-06 22:23:53
推: 8,噓: 1,分數: 7,作者: lovedls (偽天龍人),標題: [問卦] 玩過投幣式超任的都幾歲了,時間: Sat Jan  6 22:24:08 2024,8,2024-01-06 22:24:08
推: 4,噓: 0,分數: 4,作者: TOMMY75410 (禿米),標題: Re: [問卦] 十萬肛你一次 你願意嗎?,時間: Sat Jan  6 22:24:13 2024,4,2024-01-06 22:24:13
推: 9,噓: 19,分數: -10,作者: Ophiuchus (尋找傳說中的廚具會在選),標題: [新聞] 國師開示！賴清德、侯友宜「誰比較有料」,時間: Sat Jan  6 22:25:18 2024,9,2024-01-06 22:25:18
推: 10,噓: 0,分數: 10,作者: queenrabbits (葵兔子思我也沒辦法。),標題: [問卦] 為什麼夾娃娃機店又死灰復燃？,時間: Sat Jan  6 22:25:36 2024,10,2024-01-06 22:25:36
推: 53,噓: 8,分數: 45,作者: jackymars5 ((                )),標題: [問卦] 這種錢值多少，媽媽留下的,時間: Sat Jan  6 22:26:02 2024,53,2024-01-06 22:26:02
推: 9,噓: 3,分數: 6,作者: youshallnotp (ass),標題: [問卦] 台女easy?,時間: Sat Jan  6 22:27:36 2024,9,2024-01-06 22:27:36
推: 10,噓: 2,分數: 8,作者: kuangjc5566 (匡匡56),標題: [問卦] 大家或現在的小孩有看過叮噹貓嗎？,時間: Sat Jan  6 22:28:57 2024,10,2024-01-06 22:28:57
推: 3,噓: 0,分數: 3,作者: g007 (開心過每一天！),標題: [問卦] 下禮拜六想逛夜市有推薦的嗎？,時間: Sat Jan  6 22:30:30 2024,3,2024-01-06 22:30:30
推: 113,噓: 0,分數: 113,作者: kimura0701 (一天要喝3千cc的水),標題: [問卦] AI統神唱歌到底是三小啦,時間: Sat Jan  6 22:30:34 2024,113,2024-01-06 22:30:34
推: 4,噓: 0,分數: 4,作者: pchion2002 (阿我就怕被罵阿),標題: [問卦] 阿爾發音樂曾經喊過下架周杰倫嗎？,時間: Sat Jan  6 22:32:47 2024,4,2024-01-06 22:32:47
推: 0,噓: 0,分數: 0,作者: yuan55226 (Yuan55226),標題: Re: [問卦] 為什麼想結婚的台男不考慮外配?,時間: Sat Jan  6 22:32:51 2024,0,2024-01-06 22:32:51
推: 1,噓: 0,分數: 1,作者: event1408472 (口交狂徒TSJ),標題: [問卦] 人生還有多少的八年？,時間: Sat Jan  6 22:37:39 2024,1,2024-01-06 22:37:39
推: 7,噓: 6,分數: 1,作者: amilkamilk (我要成為幹話王),標題: Re: [問卦] 直播線上人數9萬1是什麼程度？,時間: Sat Jan  6 22:38:20 2024,7,2024-01-06 22:38:20
推: 9,噓: 1,分數: 8,作者: chubby31190 (優文專家),標題: [問卦] 倒數一個星期會有什麼驚喜嗎？,時間: Sat Jan  6 22:38:32 2024,9,2024-01-06 22:38:32
推: 4,噓: 0,分數: 4,作者: masi (專業酸民),標題: Re: [問卦] 蓋監獄跟蓋社宅二選一,時間: Sat Jan  6 22:38:45 2024,4,2024-01-06 22:38:45
推: 18,噓: 0,分數: 18,作者: ALOVET (かがみんさま 小鏡大人),標題: [問卦] 有甚麼經典的call in片段嗎?,時間: Sat Jan  6 22:38:48 2024,18,2024-01-06 22:38:48
推: 4,噓: 0,分數: 4,作者: zarados (HowKung-Fu),標題: [問卦] 下禮拜六餐廳訂哪家？,時間: Sat Jan  6 22:39:32 2024,4,2024-01-06 22:39:32
推: 80,噓: 7,分數: 73,作者: ray90910 (Blackbird),標題: [問卦] 白色真的都沒有遊覽車？,時間: Sat Jan  6 22:39:44 2024,80,2024-01-06 22:39:44
推: 4,噓: 0,分數: 4,作者: aquaair (aquaair),標題: [問卦] 有哪些大學下周還沒放寒假阿??,時間: Sat Jan  6 22:39:47 2024,4,2024-01-06 22:39:47
推: 9,噓: 3,分數: 6,作者: ai770116 (東方的神秘力量),標題: [問卦] 為何全世界都有少觀所這種北七制度,時間: Sat Jan  6 22:40:10 2024,9,2024-01-06 22:40:10
推: 50,噓: 0,分數: 50,作者: newsbow (快樂，來自選擇的權利！),標題: [爆卦] 能登又地震,時間: Sat Jan  6 22:41:30 2024,50,2024-01-06 22:41:30
推: 48,噓: 10,分數: 38,作者: ip116 (ncku),標題: [新聞] 成功大學女廁「冒出人頭」女大生上到一,時間: Sat Jan  6 22:41:39 2024,48,2024-01-06 22:41:39
推: 36,噓: 82,分數: -46,作者: minche (),標題: [新聞] 賴清德「在路上」引討論 鄭文燦：2千3百,時間: Sat Jan  6 22:44:32 2024,36,2024-01-06 22:44:32
推: 37,噓: 27,分數: 10,作者: aryue (Eternal Return),標題: Fw: [揪團] 1/12 衝凱道應援,時間: Sat Jan  6 22:45:57 2024,37,2024-01-06 22:45:57
推: 2,噓: 2,分數: 0,作者: se2422 (庫帕),標題: [問卦] 乳清能不能空腹喝啊？,時間: Sat Jan  6 22:46:45 2024,2,2024-01-06 22:46:45
推: 5,噓: 3,分數: 2,作者: lookatsu3 (悠哉的晴天),"標題: [問卦] 二選一,被正妹襪子塞嘴,還是正妹內褲套頭",時間: Sat Jan  6 22:47:14 2024,5,2024-01-06 22:47:14
推: 2,噓: 0,分數: 2,作者: MeiHS (簽名檔詳見 其他版晃到，),"標題: [問卦] 有沒啥見識的低能說輪班買不起房,該怎回?",時間: Sat Jan  6 22:47:32 2024,2,2024-01-06 22:47:32
推: 127,噓: 318,分數: -191,作者: heavenkghs (GuaGua),標題: [新聞] 【桃園大拚場】不忍了！　趙少康火力全,時間: Sat Jan  6 22:49:35 2024,127,2024-01-06 22:49:35
推: 16,噓: 6,分數: 10,作者: cena0605 (姜西拿),標題: [問卦] 白人直接在觀眾席上摸奶親嘴,時間: Sat Jan  6 22:50:52 2024,16,2024-01-06 22:50:52
推: 4,噓: 0,分數: 4,作者: FL5566 (小魯妹),標題: [問卦] 跟女生約會完很空虛正常嗎,時間: Sat Jan  6 22:55:23 2024,4,2024-01-06 22:55:23
推: 7,噓: 0,分數: 7,作者: mikemagic88 (Mikemagic88),標題: Re: [問卦] 為什麼夾娃娃機店又死灰復燃？,時間: Sat Jan  6 22:55:37 2024,7,2024-01-06 22:55:37
推: 34,噓: 3,分數: 31,作者: hazel0093 (飛龍がくる),標題: [問卦] 何潤東的演技如何？,時間: Sat Jan  6 22:56:10 2024,34,2024-01-06 22:56:10
推: 22,噓: 1,分數: 21,作者: Bode123 (中肯寶寶),標題: [問卦] 有沒有低劑量斷層篩檢肺癌要公費的八卦,時間: Sat Jan  6 22:57:20 2024,22,2024-01-06 22:57:20
推: 5,噓: 2,分數: 3,作者: uavan (ㄚ兵),標題: [問卦] 支持阿伯,時間: Sat Jan  6 22:58:20 2024,5,2024-01-06 22:58:20
推: 8,噓: 0,分數: 8,作者: blueian (義恩阿庫犽),標題: [問卦] 急了，是啥時流行起來的？,時間: Sat Jan  6 22:59:32 2024,8,2024-01-06 22:59:32
推: 2,噓: 0,分數: 2,作者: wasiqoo (雞與牛在卡通頻道),標題: [問卦] 有沒有詐騙橫行的卦r?,時間: Sat Jan  6 23:01:25 2024,2,2024-01-06 23:01:25
推: 182,噓: 26,分數: 156,作者: turndown4wat (wat),標題: [新聞] 快訊／2024大選首起 柯文哲造勢場驚傳,時間: Sat Jan  6 23:01:38 2024,182,2024-01-06 23:01:38
推: 24,噓: 2,分數: 22,作者: HTC92 (中国台湾人的驕傲-92共識),標題: [問卦] PS5已經一年沒開機了  正常嗎？,時間: Sat Jan  6 23:03:29 2024,24,2024-01-06 23:03:29
推: 11,噓: 1,分數: 10,作者: id44kimo (擁抱吧(B)),標題: Re: [問卦] 白色真的都沒有遊覽車？,時間: Sat Jan  6 23:04:26 2024,11,2024-01-06 23:04:26
推: 1,噓: 1,分數: 0,作者: howdo1793 (布比),標題: [問卦] 做民調時可以用變聲器嗎?,時間: Sat Jan  6 23:04:32 2024,1,2024-01-06 23:04:32
推: 1,噓: 0,分數: 1,作者: ssiou (科科~~),標題: [問卦] 為什麼大家都不喜歡小紅帽,時間: Sat Jan  6 23:04:50 2024,1,2024-01-06 23:04:50
推: 32,噓: 4,分數: 28,作者: DTO2017 (星辰●),標題: [問卦] 1號2號3號你選哪1號?,時間: Sat Jan  6 23:05:20 2024,32,2024-01-06 23:05:20
推: 7,噓: 1,分數: 6,作者: cutiehoneyzu (McHilo),標題: [問卦] 有沒有人手裡有錢想出國卻沒辦法出國？,時間: Sat Jan  6 23:05:32 2024,7,2024-01-06 23:05:32
推: 1,噓: 0,分數: 1,作者: brasstb (阿哲師),標題: [問卦] 發言人如果講話結巴是心虛嗎？,時間: Sat Jan  6 23:05:50 2024,1,2024-01-06 23:05:50
推: 2,噓: 0,分數: 2,作者: danny91074 ( 社會底層),標題: [問卦] 急..！處男又包莖有加分嗎？,時間: Sat Jan  6 23:07:26 2024,2,2024-01-06 23:07:26
推: 61,噓: 22,分數: 39,作者: yniori (偉恩咖肥),標題: [問卦] 統神：YTer不敢表態因為白蓮教太恐怖？,時間: Sat Jan  6 23:08:36 2024,61,2024-01-06 23:08:36
推: 2,噓: 1,分數: 1,作者: howard24 (中信兄弟強攻強攻),標題: [問卦] 怎麼沒人唱 夜色茫茫 星月無光?,時間: Sat Jan  6 23:08:48 2024,2,2024-01-06 23:08:48
推: 13,噓: 40,分數: -27,作者: duppy (小佳),標題: [新聞] 綠營嘉義造勢 賴清德：拚國會過半 續推,時間: Sat Jan  6 23:10:32 2024,13,2024-01-06 23:10:32
推: 3,噓: 2,分數: 1,作者: jimlexus (中華民國空軍４％嘴砲營),標題: [問卦] 這位姐姐漂亮PR值有多少？,時間: Sat Jan  6 23:10:36 2024,3,2024-01-06 23:10:36
推: 3,噓: 0,分數: 3,作者: indoman (橄欖趴),標題: [問卦] 90後是不是先甘後苦的最佳寫照,時間: Sat Jan  6 23:11:43 2024,3,2024-01-06 23:11:43
推: 4,噓: 0,分數: 4,作者: callhek (沒錢住帝寶),標題: [問卦] 抗中保台真的很有用吧？,時間: Sat Jan  6 23:11:55 2024,4,2024-01-06 23:11:55
推: 8,噓: 1,分數: 7,作者: trylin (電鈴怪客),標題: [問卦] 發現自己奶子快比女友大了怎麼辦？,時間: Sat Jan  6 23:12:00 2024,8,2024-01-06 23:12:00
推: 51,噓: 21,分數: 30,作者: ptt987654321 (大谷躺平),標題: [問卦] 吳子嘉開講的標題，風向也帶太大吧,時間: Sat Jan  6 23:12:38 2024,51,2024-01-06 23:12:38
推: 5,噓: 0,分數: 5,作者: shauima (萬佛朝宗-練英文筆跡),標題: Re: [問卦] 大家不覺得死賴著不拆違建真的很笨嗎?,時間: Sat Jan  6 23:13:51 2024,5,2024-01-06 23:13:51
推: 60,噓: 17,分數: 43,作者: sunchen0201 (天道酬勤),標題: [新聞] 選前黃金周柯文哲台中造勢大爆滿 排隊人,時間: Sat Jan  6 23:14:16 2024,60,2024-01-06 23:14:16
推: 4,噓: 1,分數: 3,作者: SeaForest (~海森林~),標題: Re: [問卦] 倒數一個星期會有什麼驚喜嗎？,時間: Sat Jan  6 23:15:23 2024,4,2024-01-06 23:15:23
推: 3,噓: 1,分數: 2,作者: indoman (橄欖趴),標題: [問卦] 這四年經歷不少事吧,時間: Sat Jan  6 23:18:27 2024,3,2024-01-06 23:18:27
推: 6,噓: 0,分數: 6,作者: ihl123456 (雨風評),標題: [新聞] 快訊／新北議員住處隔壁透天厝起火　五口,時間: Sat Jan  6 23:18:59 2024,6,2024-01-06 23:18:59
推: 118,噓: 33,分數: 85,作者: emuless (emuless),標題: [新聞] 台中大造勢超過5萬人 柯文哲批看不到賴清德「他被謊話淹沒了,時間: Sat Jan  6 23:19:21 2024,118,2024-01-06 23:19:21
推: 59,噓: 3,分數: 56,作者: kmtkmtkmt (kmtkmtkmt),標題: [問卦] 女孩版人氣怎降成這樣?????,時間: Sat Jan  6 23:21:03 2024,59,2024-01-06 23:21:03
推: 5,噓: 1,分數: 4,作者: lightwish (穹願),標題: [新聞] 加國首例 中國留學生被判潛在間諜拒入境,時間: Sat Jan  6 23:24:11 2024,5,2024-01-06 23:24:11
推: 1,噓: 0,分數: 1,作者: Panasonic (ideas for life),標題: Re: [問卦] 被人拍背是很嚴重的一件事情嗎？,時間: Sat Jan  6 23:24:11 2024,1,2024-01-06 23:24:11
推: 11,噓: 4,分數: 7,作者: suwy (Hank),標題: Re: [新聞] 賴清德「在路上」引討論 鄭文燦：2千3百,時間: Sat Jan  6 23:24:12 2024,11,2024-01-06 23:24:12
推: 4,噓: 0,分數: 4,作者: Herseth (Memento),標題: [問卦] 有塑膠盤子套塑膠袋的八卦嗎？,時間: Sat Jan  6 23:24:16 2024,4,2024-01-06 23:24:16
推: 32,噓: 69,分數: -37,作者: wiejen (威風八百面),標題: [新聞] 桃造勢10萬人爆場 侯：邀各黨人才組聯合,時間: Sat Jan  6 23:24:16 2024,32,2024-01-06 23:24:16
推: 9,噓: 4,分數: 5,作者: indoman (橄欖趴),標題: [問卦] 當初聽SWAY沒買房的人會後悔嗎,時間: Sat Jan  6 23:24:57 2024,9,2024-01-06 23:24:57
推: 9,噓: 1,分數: 8,作者: wahaha23 (請勿拍打餵食),標題: [新聞] 高橋陽一宣布引退 足球小將翼4月將結束43,時間: Sat Jan  6 23:26:57 2024,9,2024-01-06 23:26:57
推: 15,噓: 0,分數: 15,作者: chadmu (噓之收集者查德姆),標題: [新聞] 飛指部上兵欠債竟刺探愛國者飛彈情資 無,時間: Sat Jan  6 23:27:04 2024,15,2024-01-06 23:27:04
推: 11,噓: 2,分數: 9,作者: ncc5566 (政大宅男),標題: [問卦] 遊覽車老闆在想啥??,時間: Sat Jan  6 23:27:08 2024,11,2024-01-06 23:27:08
推: 6,噓: 0,分數: 6,作者: darkstar07 (高級大法師),標題: [問卦] 8+9的小孩沒錢養都怎麼養的八卦?,時間: Sat Jan  6 23:27:21 2024,6,2024-01-06 23:27:21
推: 48,噓: 12,分數: 36,作者: zhidux (病毒疫苗),標題: [新聞] 賴清德聞死刑甩頭走 侯辦：賴無視人民自,時間: Sat Jan  6 23:30:02 2024,48,2024-01-06 23:30:02
推: 1,噓: 2,分數: -1,作者: zeuswell (我是資深塔綠班),標題: [問卦] 為什麼摳頭皮會想打噴嚏？！？！？！,時間: Sat Jan  6 23:31:12 2024,1,2024-01-06 23:31:12
推: 14,噓: 3,分數: 11,作者: kerkerson (高處不勝寒),標題: [問卦] 敢做近視雷射的人484都很勇阿??,時間: Sat Jan  6 23:33:24 2024,14,2024-01-06 23:33:24
推: 9,噓: 3,分數: 6,作者: ilovecat5566 (....),標題: [問卦] 跟66歲女主管一起出差，要怎麼尬聊呢,時間: Sat Jan  6 23:33:36 2024,9,2024-01-06 23:33:36
推: 4,噓: 0,分數: 4,作者: tsaiss (Samkh),標題: [問卦] 這種突然什麼都看開的感覺是什麼？,時間: Sat Jan  6 23:33:53 2024,4,2024-01-06 23:33:53
推: 9,噓: 3,分數: 6,作者: zaichu (小蕎),標題: [新聞] 蔡英文稱經濟20年最好 侯辦秀數據打臉：,時間: Sat Jan  6 23:34:24 2024,9,2024-01-06 23:34:24
推: 39,噓: 7,分數: 32,作者: Supergreen (Hi),標題: [新聞] 零拒絕從未發生…私校「篩選」學生 成家,時間: Sat Jan  6 23:34:45 2024,39,2024-01-06 23:34:45
推: 6,噓: 0,分數: 6,作者: bbbsss1986 (老草莓),標題: [問卦] 一路綠燈的八卦嗎？,時間: Sat Jan  6 23:35:59 2024,6,2024-01-06 23:35:59
推: 3,噓: 0,分數: 3,作者: andy199113 (誒嘿嘿嘿),標題: [問卦] AKB48 Team SH上海分支的八卦?,時間: Sat Jan  6 23:37:06 2024,3,2024-01-06 23:37:06
推: 12,噓: 1,分數: 11,作者: Drogba11 (德羅球球球球球),標題: [爆卦] 日本石川縣震度6 深度10公里,時間: Sat Jan  6 23:38:44 2024,12,2024-01-06 23:38:44
推: 202,噓: 18,分數: 184,作者: zrct5566 (美麗又殘酷的世界),標題: [問卦] 看過有史以來最誇張的逆轉勝是哪一次?,時間: Sat Jan  6 23:38:56 2024,202,2024-01-06 23:38:56
推: 4,噓: 0,分數: 4,作者: koromo1991 (肥宅界李棟旭),標題: [問卦] 這社會其實帶風向激起仇恨很容易吧？,時間: Sat Jan  6 23:39:12 2024,4,2024-01-06 23:39:12
推: 6,噓: 2,分數: 4,作者: Qorqios (☑對和平君王說『是』),標題: [問卦] 都會通的發音是都會通還是都會通？,時間: Sat Jan  6 23:40:31 2024,6,2024-01-06 23:40:31
推: 369,噓: 63,分數: 306,作者: adonis1010 (adonis1010),標題: Re: [新聞] 【桃園大拚場】不忍了！　趙少康火力全,時間: Sat Jan  6 23:42:34 2024,369,2024-01-06 23:42:34
推: 1,噓: 0,分數: 1,作者: starcraftiii (星海爭霸三),標題: [問卦] 有沒有機器人的八卦啊?,時間: Sat Jan  6 23:50:21 2024,1,2024-01-06 23:50:21
推: 2,噓: 1,分數: 1,作者: cena0605 (姜西拿),標題: Re: [問卦] 看過有史以來最誇張的逆轉勝是哪一次?,時間: Sat Jan  6 23:50:27 2024,2,2024-01-06 23:50:27
推: 6,噓: 3,分數: 3,作者: TBOC (花嚴),標題: [新聞] 換員警駐守？賴清德老家爆又有人站崗　新,時間: Sat Jan  6 23:50:53 2024,6,2024-01-06 23:50:53
推: 1,噓: 1,分數: 0,作者: pauljet (拜登哥不要),標題: [問卦] 加拿大接納難民姦殺華裔女童案？,時間: Sat Jan  6 23:51:15 2024,1,2024-01-06 23:51:15
推: 1,噓: 0,分數: 1,作者: pprino (于晏的腦婆),標題: [問卦] 江西賴粉的八卦??,時間: Sat Jan  6 23:51:18 2024,1,2024-01-06 23:51:18
推: 2,噓: 0,分數: 2,作者: HDSM (Love Not Change  O'_'O),標題: [問卦] 穿越千年的傷痛 只為求一個結果,時間: Sat Jan  6 23:53:23 2024,2,2024-01-06 23:53:23
推: 18,噓: 1,分數: 17,作者: peterlin495 (專業果粉O'_'O),標題: [問卦] 明天去高雄玩要去哪才專業?,時間: Sat Jan  6 23:53:30 2024,18,2024-01-06 23:53:30
推: 10,噓: 0,分數: 10,作者: diefishfish (),標題: [公告] 水桶,時間: Sat Jan  6 23:54:44 2024,10,2024-01-06 23:54:44
推: 1,噓: 0,分數: 1,作者: gamesame7711 (框框愛安安),標題: [問卦] 之前用來載陸客的遊覽車都用在何處？,時間: Sat Jan  6 23:56:48 2024,1,2024-01-06 23:56:48
推: 4,噓: 2,分數: 2,作者: nonnon (我愛李多慧),標題: [問卦] 哀鳳的外放喇叭是不是不怎樣？,時間: Sat Jan  6 23:57:02 2024,4,2024-01-06 23:57:02
推: 8,噓: 18,分數: -10,作者: diaole (暗黑破壞神),標題: [新聞] 賴清德：我不會把你們丟路邊 鬥陣出發走,時間: Sat Jan  6 23:57:54 2024,8,2024-01-06 23:57:54
推: 9,噓: 1,分數: 8,作者: seabox (呂雅筑),標題: [問卦] 日本才是真鬼島吧,時間: Sat Jan  6 23:58:29 2024,9,2024-01-06 23:58:29
推: 1,噓: 1,分數: 0,作者: moneybuy (),標題: [問卦] 最新一代覺青是哪群人= =,時間: Sat Jan  6 23:58:30 2024,1,2024-01-06 23:58:30
推: 7,噓: 28,分數: -21,作者: asdf1256 (guest),標題: [新聞] 足球年再現？蔡英文：提醒下任總統列,時間: Sun Jan  7 00:00:15 2024,7,2024-01-07 00:00:15
推: 36,噓: 119,分數: -83,作者: tsukiji (大司壽),標題: [新聞] 侯友宜再喊與郭台銘柯文哲理念一致 應團,時間: Sun Jan  7 00:00:38 2024,36,2024-01-07 00:00:38
推: 7,噓: 3,分數: 4,作者: au4g3wk4k (我喜歡肥肥),標題: [問卦] 四年前那堆買機票回來的菁英呢？,時間: Sun Jan  7 00:02:01 2024,7,2024-01-07 00:02:01
推: 4,噓: 3,分數: 1,作者: Kimmy (Kimi),標題: [問卦] 時間停止、催眠、透明能力 dochi?,時間: Sun Jan  7 00:02:58 2024,4,2024-01-07 00:02:58
推: 2,噓: 0,分數: 2,作者: aya16810 (深紅眼鏡),標題: [問卦] 自帶線的行動電源現在能用了嗎,時間: Sun Jan  7 00:04:04 2024,2,2024-01-07 00:04:04
推: 5,噓: 1,分數: 4,作者: magi80328 (依舊),標題: [問卦] 單身真的比較不會省錢嗎?,時間: Sun Jan  7 00:04:14 2024,5,2024-01-07 00:04:14
推: 27,噓: 12,分數: 15,作者: rexlin (Some like it hot!!),標題: [新聞] 柯文哲造勢會爆滿破3.5萬人　這曲一播全,時間: Sun Jan  7 00:04:20 2024,27,2024-01-07 00:04:20
推: 20,噓: 1,分數: 19,作者: whiteadam (blue eyes blue),標題: [問卦] 慟!百元理髮從100漲到150,時間: Sun Jan  7 00:05:03 2024,20,2024-01-07 00:05:03
推: 6,噓: 2,分數: 4,作者: masi (專業酸民),標題: [問卦] 這兩個你選誰?,時間: Sun Jan  7 00:07:16 2024,6,2024-01-07 00:07:16
推: 226,噓: 10,分數: 216,作者: MaMaMoMo (???),標題: Re: [問卦] 《在路上》交棒 老鐵一番話燃爆聊天室,時間: Sun Jan  7 00:09:09 2024,226,2024-01-07 00:09:09
推: 2,噓: 0,分數: 2,作者: AMPHIBIA (amphibia),標題: Re: [問卦] 覺青朋友開始在討論移民了?,時間: Sun Jan  7 00:10:47 2024,2,2024-01-07 00:10:47
推: 8,噓: 0,分數: 8,作者: koy89202 (Jie),標題: [問卦] 前面黑色BMW你敢按喇叭嗎？,時間: Sun Jan  7 00:11:33 2024,8,2024-01-07 00:11:33
推: 5,噓: 2,分數: 3,作者: s5869157 (肥皂泡的世界),標題: [問卦] 廁所如果有啜泣聲 要問怎麼了嗎,時間: Sun Jan  7 00:12:37 2024,5,2024-01-07 00:12:37
推: 15,噓: 0,分數: 15,作者: YU0121 (愛玉冰™),標題: [問卦] 花東居民是不是都蠻無聊的？,時間: Sun Jan  7 00:14:10 2024,15,2024-01-07 00:14:10
推: 138,噓: 18,分數: 120,作者: ralfeistein (無名的ㄈㄓ王),標題: [新聞] 侯康配競選小物洗衣球遭長輩誤食！醫籲「,時間: Sun Jan  7 00:14:38 2024,138,2024-01-07 00:14:38
推: 90,噓: 16,分數: 74,作者: yushenglu (子欲養而親不待),標題: [新聞] 民眾黨台中造勢 柯文哲：翻轉台灣創造,時間: Sun Jan  7 00:15:08 2024,90,2024-01-07 00:15:08
推: 2,噓: 0,分數: 2,作者: OPPAISuki (OPPAISuki),標題: [問卦] 我曾難自拔於世界之大 也沉溺於其中夢話?,時間: Sun Jan  7 00:15:22 2024,2,2024-01-07 00:15:22
推: 65,噓: 7,分數: 58,作者: whiteadam (blue eyes blue),標題: [問卦] 以長相來說 台日韓女生 哪個比較優?,時間: Sun Jan  7 00:15:57 2024,65,2024-01-07 00:15:57
推: 62,噓: 8,分數: 54,作者: Gamblers5566 (gambler),標題: Re: [新聞] 零拒絕從未發生…私校「篩選」學生 成家,時間: Sun Jan  7 00:16:24 2024,62,2024-01-07 00:16:24
推: 20,噓: 29,分數: -9,作者: Zubac40 (jjjkkk),標題: [新聞] 超過十萬人湧入桃園選前造勢 賴清德：未,時間: Sun Jan  7 00:25:11 2024,20,2024-01-07 00:25:11
推: 0,噓: 1,分數: -1,作者: sushi11 (偶像可以亂摸嗎peko),標題: Re: [問卦] 時間停止、催眠、透明能力 dochi?,時間: Sun Jan  7 00:25:33 2024,0,2024-01-07 00:25:33
推: 163,噓: 16,分數: 147,作者: Skyblueway (Sky),標題: [新聞] 柯文哲台中造勢湧5萬人　藍營小雞也來場,時間: Sun Jan  7 00:26:48 2024,163,2024-01-07 00:26:48
推: 4,噓: 1,分數: 3,作者: hljjun (肥雞),標題: Re: [新聞] 賴清德：我不會把你們丟路邊 鬥陣出發走,時間: Sun Jan  7 00:28:16 2024,4,2024-01-07 00:28:16
推: 38,噓: 1,分數: 37,作者: whiteadam (blue eyes blue),標題: [問卦] 你一天餐費大概是多少?平均而言,時間: Sun Jan  7 00:30:21 2024,38,2024-01-07 00:30:21
推: 7,噓: 0,分數: 7,作者: fraternity (猴猴做歹誌),標題: Re: [新聞] 侯友宜再喊與郭台銘柯文哲理念一致 應團,時間: Sun Jan  7 00:30:29 2024,7,2024-01-07 00:30:29
推: 88,噓: 14,分數: 74,作者: rich22084 (習近平肛交惡徒),標題: [問卦] 桃園機場排名從13掉到82是誰害的?,時間: Sun Jan  7 00:32:10 2024,88,2024-01-07 00:32:10
推: 13,噓: 3,分數: 10,作者: AgentZero (特務零),標題: [問卦] 今年怎麼都沒年輕人返鄉廣告?,時間: Sun Jan  7 00:33:02 2024,13,2024-01-07 00:33:02
推: 52,噓: 10,分數: 42,作者: godofsex (性愛戰神),標題: [新聞] 賴清德喊公開高端合約　柯文哲：陳時中,時間: Sun Jan  7 00:34:19 2024,52,2024-01-07 00:34:19
推: 5,噓: 0,分數: 5,作者: whiteadam (blue eyes blue),標題: Re: [問卦] 桃園機場排名從13掉到82是誰害的?,時間: Sun Jan  7 00:39:30 2024,5,2024-01-07 00:39:30
推: 6,噓: 0,分數: 6,作者: yushenglu (子欲養而親不待),"標題: [問卦] 3年了,高端合約什麼時候公布?",時間: Sun Jan  7 00:40:25 2024,6,2024-01-07 00:40:25
推: 6,噓: 2,分數: 4,作者: zakijudelo (Zack),標題: [問卦] 1月份台灣會有什麼出乎意料的事發生？,時間: Sun Jan  7 00:40:51 2024,6,2024-01-07 00:40:51
推: 9,噓: 14,分數: -5,作者: NoPTT (小綠綠就是讚),標題: Re: [問卦] 1/13是不是不用崩潰了？,時間: Sun Jan  7 00:42:16 2024,9,2024-01-07 00:42:16
推: 645,噓: 78,分數: 567,作者: bg784533 (bg784533),標題: [問卦] 鍾明軒會被出征嗎,時間: Sun Jan  7 00:43:36 2024,645,2024-01-07 00:43:36
推: 34,噓: 24,分數: 10,作者: Ho1liday (江湖唯有英雄志),標題: [新聞] 直擊柯文哲台中造勢！半小時就塞滿　柯粉,時間: Sun Jan  7 00:43:37 2024,34,2024-01-07 00:43:37
推: 28,噓: 0,分數: 28,作者: ReiKuromiya (ReiKuromiya),標題: [問卦] 安芝儇和李多慧，多慧贏在哪?,時間: Sun Jan  7 00:43:50 2024,28,2024-01-07 00:43:50
推: 8,噓: 31,分數: -23,作者: AnnaOuO (Anna),標題: [問卦] 噓我的都是跟我過不去==,時間: Sun Jan  7 00:44:11 2024,8,2024-01-07 00:44:11
推: 54,噓: 2,分數: 52,作者: donloveme1 (こより一生推),標題: Re: [新聞] 柯文哲台中造勢湧5萬人　藍營小雞也來場,時間: Sun Jan  7 00:44:28 2024,54,2024-01-07 00:44:28
推: 9,噓: 3,分數: 6,作者: gino0717 (gino0717),標題: [問卦] 去無人泡麵店為什麼不直接去7-11就好了,時間: Sun Jan  7 00:46:24 2024,9,2024-01-07 00:46:24
推: 10,噓: 3,分數: 7,作者: elless (鬼島歌王廢慾清),標題: Re: [問卦] 以長相來說 台日韓女生 哪個比較優?,時間: Sun Jan  7 00:46:48 2024,10,2024-01-07 00:46:48
推: 5,噓: 4,分數: 1,作者: join183club (183club),標題: Re: [新聞] 酸柯文哲是空氣槍！韓國瑜喊：熱鬧但不會,時間: Sun Jan  7 00:53:56 2024,5,2024-01-07 00:53:56
推: 3,噓: 1,分數: 2,作者: taipei5566 (臺北56),標題: [問卦] 艾爾迪亞人還有機會嗎?,時間: Sun Jan  7 00:55:08 2024,3,2024-01-07 00:55:08
推: 8,噓: 6,分數: 2,作者: elless (鬼島歌王廢慾清),標題: [問卦] 東南亞的真的禮貌超差,時間: Sun Jan  7 00:59:10 2024,8,2024-01-07 00:59:10
推: 7,噓: 1,分數: 6,作者: gyaoqwas (正在投食IRIS的男人),標題: [問卦] 悟空是不是最後連花果山都弄丟了,時間: Sun Jan  7 01:01:10 2024,7,2024-01-07 01:01:10
推: 0,噓: 2,分數: -2,作者: Panasonic (ideas for life),標題: [問卦] 殺人少年的機智牢房生活？,時間: Sun Jan  7 01:01:20 2024,0,2024-01-07 01:01:20
推: 4,噓: 0,分數: 4,作者: HDSM (Love Not Change  O'_'O),標題: [問卦] 衝動 我的心在顫抖 怎麼和時間搏鬥,時間: Sun Jan  7 01:01:27 2024,4,2024-01-07 01:01:27
推: 1,噓: 1,分數: 0,作者: wike (wike),標題: Re: [問卦] 跟66歲女主管一起出差，要怎麼尬聊呢,時間: Sun Jan  7 01:03:42 2024,1,2024-01-07 01:03:42
推: 13,噓: 3,分數: 10,作者: MeiHS (簽名檔詳見 其他版晃到，),標題: [問卦] 成功高中的學生會早起吃那個二樓的燒餅嗎,時間: Sun Jan  7 01:03:53 2024,13,2024-01-07 01:03:53
推: 10,噓: 33,分數: -23,作者: checkip (切克ㄞ丕),標題: Re: [爆卦] 台中大里晚上怎麼這麼多人拜拜,時間: Sun Jan  7 01:06:47 2024,10,2024-01-07 01:06:47
推: 5,噓: 0,分數: 5,作者: ga3322165 (Jkor),標題: [問卦] 現在在喊房價高點、割韭菜的，10年後？,時間: Sun Jan  7 01:11:08 2024,5,2024-01-07 01:11:08
推: 9,噓: 1,分數: 8,作者: emperor (派蘿派蘿得第一),標題: [問卦] 看星宇有好多YTR介紹可以買嗎?,時間: Sun Jan  7 01:11:15 2024,9,2024-01-07 01:11:15
推: 2,噓: 1,分數: 1,作者: badbadook (   嗨浪),標題: [問卦] 交叉路口公共汽車招呼站10公尺勸導為主,時間: Sun Jan  7 01:11:44 2024,2,2024-01-07 01:11:44
推: 7,噓: 1,分數: 6,作者: OPPAISuki (OPPAISuki),標題: [問卦] 半框眼睛是最近的流行嗎?,時間: Sun Jan  7 01:14:25 2024,7,2024-01-07 01:14:25
推: 3,噓: 2,分數: 1,作者: doreamon909 (戈德),標題: [問卦] 為何軍武版對以哈戰爭進展那麼低調？,時間: Sun Jan  7 01:15:20 2024,3,2024-01-07 01:15:20
推: 17,噓: 3,分數: 14,作者: elless (鬼島歌王廢慾清),標題: [問卦] 粵菜比台菜有名氣耶,時間: Sun Jan  7 01:17:09 2024,17,2024-01-07 01:17:09
推: 14,噓: 0,分數: 14,作者: ReiKuromiya (ReiKuromiya),標題: [問卦] 女生手握柱狀物會不自覺的上下搓嗎?,時間: Sun Jan  7 01:17:34 2024,14,2024-01-07 01:17:34
推: 3,噓: 3,分數: 0,作者: ilove305 (草根台灣),標題: [問卦] 有沒有暈倒灌水塞蛋糕的八卦,時間: Sun Jan  7 01:18:01 2024,3,2024-01-07 01:18:01
推: 42,噓: 35,分數: 7,作者: poloyabi (藍染接班人2.0),標題: [新聞] 新北第4區／吳秉叡催票「賴蕭晚會邀陳其,時間: Sun Jan  7 01:18:05 2024,42,2024-01-07 01:18:05
推: 12,噓: 3,分數: 9,作者: adsl15888 (去留),標題: [問卦] 真的很好奇小白當領導會怎麼樣？,時間: Sun Jan  7 01:19:41 2024,12,2024-01-07 01:19:41
推: 5,噓: 0,分數: 5,作者: nk11208z (小魯),"標題: [問卦] 2025年跨年還有將近一年,訂房網先抬價?",時間: Sun Jan  7 01:22:56 2024,5,2024-01-07 01:22:56
推: 4,噓: 0,分數: 4,作者: JC910 (JC910),標題: [問卦] 兩顆飛彈威力大於兩顆子彈？,時間: Sun Jan  7 01:23:29 2024,4,2024-01-07 01:23:29
推: 3,噓: 1,分數: 2,作者: MrKing (Mr.King),標題: [問卦] 韭菜沒了怎麼辦？,時間: Sun Jan  7 01:25:42 2024,3,2024-01-07 01:25:42
推: 114,噓: 10,分數: 104,作者: FL5566 (小魯妹),標題: [問卦] 抗焦慮藥吃到最重 很厭世,時間: Sun Jan  7 01:26:02 2024,114,2024-01-07 01:26:02
推: 46,噓: 72,分數: -26,作者: rich22084 (習近平肛交惡徒),標題: [新聞] 桃園造勢破10萬人 賴清德：會讓台灣走得,時間: Sun Jan  7 01:28:33 2024,46,2024-01-07 01:28:33
推: 38,噓: 4,分數: 34,作者: MeiHS (簽名檔詳見 其他版晃到，),標題: [問卦] 為何六顆章魚小丸子可以賣到6X...,時間: Sun Jan  7 01:30:45 2024,38,2024-01-07 01:30:45
推: 12,噓: 5,分數: 7,作者: masi (專業酸民),標題: [問卦] ヨルシカ為何不若Yoasobi成功,時間: Sun Jan  7 01:30:59 2024,12,2024-01-07 01:30:59
推: 9,噓: 3,分數: 6,作者: jazz801030 (jazz801030),標題: [問卦] 統神會又賴皮嗎？,時間: Sun Jan  7 01:33:16 2024,9,2024-01-07 01:33:16
推: 2,噓: 5,分數: -3,作者: hawick (刺蝟哲學),標題: Re: [問卦] 沒人發現烏克蘭和台灣的劇本神相似嗎?是,時間: Sun Jan  7 01:35:27 2024,2,2024-01-07 01:35:27
推: 40,噓: 10,分數: 30,作者: kevin19528 (kk19528),標題: [問卦] 被騙了兩次再被騙第三次的話是不是傻屌,時間: Sun Jan  7 01:38:08 2024,40,2024-01-07 01:38:08
推: 15,噓: 10,分數: 5,作者: nobody0303 (),標題: [問卦] 沒人發現台灣男生未婚率突破六成了嗎！,時間: Sun Jan  7 01:41:39 2024,15,2024-01-07 01:41:39
推: 54,噓: 211,分數: -157,作者: JAL96 (JAL96),標題: [新聞] 國民黨失去執政8年痛定思痛！侯友宜：才,時間: Sun Jan  7 01:45:49 2024,54,2024-01-07 01:45:49
推: 6,噓: 0,分數: 6,作者: HDSM (Love Not Change  O'_'O),標題: [問卦] 忍不住 想要愛妳的衝動,時間: Sun Jan  7 01:47:04 2024,6,2024-01-07 01:47:04
推: 5,噓: 1,分數: 4,作者: fraternity (猴猴做歹誌),標題: [問卦] 九把刀預測2021《不可能的任務》出到13集,時間: Sun Jan  7 01:48:14 2024,5,2024-01-07 01:48:14
推: 8,噓: 1,分數: 7,作者: gogomercury (gogomercury),標題: [問卦] 茶餐廳不敗之物？,時間: Sun Jan  7 01:48:58 2024,8,2024-01-07 01:48:58
推: 3,噓: 1,分數: 2,作者: OPPAISuki (OPPAISuki),標題: [問卦] 中國不出手剷除緬甸妙瓦底KK園區嗎?,時間: Sun Jan  7 01:48:58 2024,3,2024-01-07 01:48:58
推: 26,噓: 6,分數: 20,作者: Bastille (巴士底),標題: [問卦] USB Type-A還可以戰多久??,時間: Sun Jan  7 01:49:41 2024,26,2024-01-07 01:49:41
推: 117,噓: 22,分數: 95,作者: Goog1e (咕狗),標題: [新聞] 快新聞／柯文哲台中造勢驚傳「有人帶槍」,時間: Sun Jan  7 01:51:31 2024,117,2024-01-07 01:51:31
推: 10,噓: 4,分數: 6,作者: berryc (只玩阿普軒),標題: [問卦] 日本的房價是不是比較正常啊?,時間: Sun Jan  7 01:53:49 2024,10,2024-01-07 01:53:49
推: 96,噓: 19,分數: 77,作者: flymyfinger (鍵盤時事評論員),標題: [新聞] 工程師屁股滲血2年！一脫褲掉出整串蓮霧,時間: Sun Jan  7 01:54:43 2024,96,2024-01-07 01:54:43
推: 8,噓: 0,分數: 8,作者: ceca (生活藝術大師￼ ￾ ￼N￼),標題: Re: [問卦] 中國不出手剷除緬甸妙瓦底KK園區嗎?,時間: Sun Jan  7 02:12:07 2024,8,2024-01-07 02:12:07
推: 8,噓: 0,分數: 8,作者: HONNE (客家金城),標題: [問卦] 靠！是麥太太自己在那邊雷喔！,時間: Sun Jan  7 02:12:56 2024,8,2024-01-07 02:12:56
推: 4,噓: 0,分數: 4,作者: KILLE (啃),標題: Re: [問卦] 日本才是真鬼島吧,時間: Sun Jan  7 02:20:48 2024,4,2024-01-07 02:20:48
推: 17,噓: 1,分數: 16,作者: HIDEI524 (shuchan),標題: [問卦] 煮泡麵冒出白白的泡沫是什麼啊,時間: Sun Jan  7 02:23:20 2024,17,2024-01-07 02:23:20
推: 60,噓: 50,分數: 10,作者: ggian123 (釣白癡&散播仇恨專用帳),標題: [問卦] 台灣人為何要抹黑仇視共產主義？,時間: Sun Jan  7 02:25:35 2024,60,2024-01-07 02:25:35
推: 3,噓: 3,分數: 0,作者: surferblue (浪者藍),標題: [問卦] 醫生 + 甲 你會想到什麼,時間: Sun Jan  7 02:36:42 2024,3,2024-01-07 02:36:42
推: 4,噓: 1,分數: 3,作者: TSW (翹班帝國),標題: Re: [問卦] 台灣人為何要抹黑仇視共產主義？,時間: Sun Jan  7 02:40:42 2024,4,2024-01-07 02:40:42
推: 39,噓: 12,分數: 27,作者: L1ON (我是獅子~(ﾉﾟ▽ﾟ)ﾉ♪),標題: [問卦] 很在意別人隨身碟講成usb的是什麼人？,時間: Sun Jan  7 02:42:14 2024,39,2024-01-07 02:42:14
推: 5,噓: 2,分數: 3,作者: twmadrid (chrissy我老婆),標題: [問卦] 女生開跑車去載男生  是不是更光榮????,時間: Sun Jan  7 02:46:55 2024,5,2024-01-07 02:46:55
推: 10,噓: 7,分數: 3,作者: ntuwalker (潮爽的! ),標題: Re: [新聞] 日本石川避難所自販機被洗劫一空,時間: Sun Jan  7 02:50:47 2024,10,2024-01-07 02:50:47
推: 43,噓: 15,分數: 28,作者: andycheng60 (andycheng，真的覺得老一),標題: [問卦] 有沒有酷的夢這次沒更新三兄弟的後續,時間: Sun Jan  7 03:00:13 2024,43,2024-01-07 03:00:13
推: 5,噓: 2,分數: 3,作者: becool996 (台灣價值),標題: [新聞] 日本石川7級強震釀126死、210人失聯 直넱,時間: Sun Jan  7 03:02:00 2024,5,2024-01-07 03:02:00
推: 6,噓: 0,分數: 6,作者: arch20161219 (肥冷淬),標題: [問卦] 抓龍筋$1200該衝嗎？,時間: Sun Jan  7 03:02:06 2024,6,2024-01-07 03:02:06
推: 6,噓: 6,分數: 0,作者: stark2 (),標題: Re: [新聞] 國三生割頸案「死者家屬反廢死」　廢死,時間: Sun Jan  7 03:04:33 2024,6,2024-01-07 03:04:33
推: 3,噓: 1,分數: 2,作者: papertopA4 (A4),標題: Re: [問卦] 抓龍筋$1200該衝嗎？,時間: Sun Jan  7 03:11:59 2024,3,2024-01-07 03:11:59
推: 11,噓: 8,分數: 3,作者: aoristcurren (pilgrimss),標題: [問卦] 大咖YT是不是老二比同性戀軟,時間: Sun Jan  7 03:16:45 2024,11,2024-01-07 03:16:45
推: 56,噓: 9,分數: 47,作者: jacklyl (全力殲滅糞兔兔卡娜赫拉),標題: Re: [問卦] 鍾明軒會被出征嗎,時間: Sun Jan  7 03:31:11 2024,56,2024-01-07 03:31:11
推: 17,噓: 10,分數: 7,作者: hbl420ii (REVE),標題: [新聞] 1男台中挺柯文哲持槍到場？警：查獲空氣,時間: Sun Jan  7 03:32:45 2024,17,2024-01-07 03:32:45
推: 7,噓: 0,分數: 7,作者: MeiHS (簽名檔詳見 其他版晃到，),"標題: [問卦] 為何赤鬼王,有專屬BGM?!",時間: Sun Jan  7 03:35:55 2024,7,2024-01-07 03:35:55
推: 8,噓: 2,分數: 6,作者: lianpig5566 (家庭教師殺手里包恩),標題: [問卦] コメダ珈琲的呼叫按鈕是無線的嗎,時間: Sun Jan  7 03:42:50 2024,8,2024-01-07 03:42:50
推: 2,噓: 1,分數: 1,作者: hungkuang (我愛5566),標題: [問卦] 潮水上升能浮起所有船隻……只有當潮水退,時間: Sun Jan  7 04:23:25 2024,2,2024-01-07 04:23:25
推: 15,噓: 18,分數: -3,作者: iam168888888 (射精),標題: [新聞] 批藍綠本質相同　柯文哲：換國民黨那隻猴,時間: Sun Jan  7 04:34:57 2024,15,2024-01-07 04:34:57
推: 9,噓: 2,分數: 7,作者: lianpig5566 (家庭教師殺手里包恩),標題: [問卦] 行動電源要買鋰聚合物 還是21700,時間: Sun Jan  7 04:41:16 2024,9,2024-01-07 04:41:16
推: 1,噓: 0,分數: 1,作者: EVEA (民主、 LINE 功德),標題: [問卦] 板主帶職參選 有行政不中立嗎????,時間: Sun Jan  7 04:50:35 2024,1,2024-01-07 04:50:35
推: 17,噓: 75,分數: -58,作者: MikaHakkinen (丟人現眼過氣老人),標題: [新聞] 重返318學運起點　王婉諭立院前喊話：投,時間: Sun Jan  7 04:58:50 2024,17,2024-01-07 04:58:50
推: 5,噓: 2,分數: 3,作者: nellyy (我是垃圾),標題: [問卦] 教授如何pua學生,時間: Sun Jan  7 05:19:31 2024,5,2024-01-07 05:19:31
推: 3,噓: 1,分數: 2,作者: EVEA (民主、 LINE 功德),標題: [問卦] 未來三軍儀隊 有機會賴皮寮駐守嗎??,時間: Sun Jan  7 05:29:28 2024,3,2024-01-07 05:29:28
推: 6,噓: 1,分數: 5,作者: EVEA (民主、 LINE 功德),標題: [問卦] 南鐵住戶當初 請員警駐守484就不會被拆,時間: Sun Jan  7 05:36:00 2024,6,2024-01-07 05:36:00
推: 3,噓: 1,分數: 2,作者: laidon (賴董),標題: Re: [新聞] 中共每次都介選 柯文哲：都成國民黨豬隊,時間: Sun Jan  7 05:36:03 2024,3,2024-01-07 05:36:03
推: 17,噓: 34,分數: -17,作者: nightwing (夏日浮雲),標題: [新聞] 賴清德《在路上》哏喊「不會把大家丟路邊,時間: Sun Jan  7 05:46:33 2024,17,2024-01-07 05:46:33
推: 19,噓: 1,分數: 18,作者: danny91074 ( 社會底層),標題: [問卦] 現在這時間你們在幹嘛？,時間: Sun Jan  7 05:52:29 2024,19,2024-01-07 05:52:29
推: 3,噓: 0,分數: 3,作者: Xaymaca (夏),標題: Re: [問卦] 潮水上升能浮起所有船隻……只有當潮水退,時間: Sun Jan  7 06:00:23 2024,3,2024-01-07 06:00:23
推: 6,噓: 1,分數: 5,作者: L1ON (我是獅子~(ﾉﾟ▽ﾟ)ﾉ♪),標題: [問卦] 暗影大人沒有千人斬也有百人斬了吧,時間: Sun Jan  7 06:11:46 2024,6,2024-01-07 06:11:46
推: 14,噓: 0,分數: 14,作者: Xaymaca (夏),標題: [問卦] 3年後再公布可以嗎?,時間: Sun Jan  7 06:19:58 2024,14,2024-01-07 06:19:58
推: 6,噓: 3,分數: 3,作者: haha777 (哈哈),標題: [問卦] 出門被夾道歡迎…台灣有誰可以？,時間: Sun Jan  7 06:26:32 2024,6,2024-01-07 06:26:32
推: 5,噓: 15,分數: -10,作者: EVEA (民主、 LINE 功德),標題: [新聞] 挺做工行善團行善全台灣  賴清德親募款,時間: Sun Jan  7 06:36:53 2024,5,2024-01-07 06:36:53
推: 27,噓: 19,分數: 8,作者: qq204 (),標題: [新聞] 法國網紅走訪台灣最爛9景點！打破1星負,時間: Sun Jan  7 06:44:33 2024,27,2024-01-07 06:44:33
推: 16,噓: 10,分數: 6,作者: XDDDpupu5566 (XDpu56家族),標題: [問卦] 欸欸～7天後會有清新八卦板嗎？,時間: Sun Jan  7 06:52:50 2024,16,2024-01-07 06:52:50
推: 50,噓: 20,分數: 30,作者: zetafera (ZETA),標題: [新聞] 蕭美琴掃街拜票 車隊遭「比倒讚」抗議！,時間: Sun Jan  7 07:05:20 2024,50,2024-01-07 07:05:20
推: 23,噓: 3,分數: 20,作者: k44754 (神仙索就此失傳了),標題: Re: [新聞] 新北第4區／吳秉叡催票「賴蕭晚會邀陳其,時間: Sun Jan  7 07:05:32 2024,23,2024-01-07 07:05:32
推: 35,噓: 24,分數: 11,作者: forwhatZ (forwhatZ),標題: [問卦] 高雄人的肺真的強,時間: Sun Jan  7 07:06:32 2024,35,2024-01-07 07:06:32
推: 49,噓: 50,分數: -1,作者: stupid0319 (徵女友),標題: [新聞] 藍白合破局郭台銘失聯？侯友宜全說了：,時間: Sun Jan  7 07:13:42 2024,49,2024-01-07 07:13:42
推: 332,噓: 70,分數: 262,作者: akito555 (AKITO),標題: [新聞]年輕人回家都投柯?催不催青年票綠營陷兩難,時間: Sun Jan  7 07:15:15 2024,332,2024-01-07 07:15:15
推: 17,噓: 0,分數: 17,作者: mars3 (聞聲就苦),標題: Re: [問卦] 台灣網紅YouTuber集體過世了嗎？,時間: Sun Jan  7 07:28:07 2024,17,2024-01-07 07:28:07
推: 15,噓: 35,分數: -20,作者: hito0509 (永不放棄！！),標題: [新聞] 陳其邁：選舉非做實驗　現在新北人像當,時間: Sun Jan  7 07:28:58 2024,15,2024-01-07 07:28:58
推: 11,噓: 6,分數: 5,作者: Davichi5566 (如果從此不見面),標題: [問卦] 當初高端EUA審查委員為什麼不能具名,時間: Sun Jan  7 07:31:19 2024,11,2024-01-07 07:31:19
推: 6,噓: 1,分數: 5,作者: Tiara5566 (霸凌天團),標題: [新聞] 跨年最糗！Ozone跳破褲子 驚險演出畫面曝,時間: Sun Jan  7 07:31:52 2024,6,2024-01-07 07:31:52
推: 6,噓: 9,分數: -3,作者: U384 (皮皮),標題: [問卦] xxxx貓認真？,時間: Sun Jan  7 07:31:56 2024,6,2024-01-07 07:31:56
推: 6,噓: 8,分數: -2,作者: aabbcc520 (U質文),標題: [問卦] 32處男覺得世界毀滅我也交不到女友的八卦,時間: Sun Jan  7 07:35:33 2024,6,2024-01-07 07:35:33
推: 10,噓: 2,分數: 8,作者: sdamel (國民美尻男=ˇ=),標題: [問卦] 肛門是不是不會老的器官,時間: Sun Jan  7 07:36:24 2024,10,2024-01-07 07:36:24
推: 4,噓: 0,分數: 4,作者: llgod (Wryyyyyyyy),標題: [問卦] 嘻，睡醒發現是假日有多爽,時間: Sun Jan  7 07:54:19 2024,4,2024-01-07 07:54:19
推: 2,噓: 3,分數: -1,作者: yun0615ch (阿毛毛),標題: [問卦] 為什麼要罵遊覽車?,時間: Sun Jan  7 07:57:39 2024,2,2024-01-07 07:57:39
推: 25,噓: 1,分數: 24,作者: jayemshow (S.Kazumi),標題: [問卦] 話說大家還記得類火車嗎?,時間: Sun Jan  7 07:59:03 2024,25,2024-01-07 07:59:03
推: 12,噓: 7,分數: 5,作者: chrisxmen (認真揮霍每一天),標題: [問卦] 臺灣選舉為何不是選較好而是選較不差,時間: Sun Jan  7 08:01:21 2024,12,2024-01-07 08:01:21
推: 17,噓: 3,分數: 14,作者: ericgary (艾瑞克蓋瑞),標題: [問卦] 統神說死刑犯應比照競技場給與人權,時間: Sun Jan  7 08:03:34 2024,17,2024-01-07 08:03:34
推: 23,噓: 1,分數: 22,作者: yokann ( ),標題: [新聞] 詐騙搭時事投資「大選專案」 裝潢工、退,時間: Sun Jan  7 08:04:24 2024,23,2024-01-07 08:04:24
推: 8,噓: 3,分數: 5,作者: Gazooli (阿爾敏·亞魯雷特),標題: [問卦] 電動牙刷沒一般牙刷刷得乾淨,時間: Sun Jan  7 08:09:34 2024,8,2024-01-07 08:09:34
推: 12,噓: 3,分數: 9,作者: ayachyan (ayachyan),標題: [問卦] 大谷翔平粗暴對待吉祥物,時間: Sun Jan  7 08:09:34 2024,12,2024-01-07 08:09:34
推: 218,噓: 39,分數: 179,作者: spring719 (春),標題: [新聞] 現場觀察》中台灣搖擺州造勢爆場 柯文哲,時間: Sun Jan  7 08:12:43 2024,218,2024-01-07 08:12:43
推: 6,噓: 12,分數: -6,作者: selisja (未來捕手),標題: [新聞] 做工行善團行善全台灣　賴清德募350萬助,時間: Sun Jan  7 08:13:14 2024,6,2024-01-07 08:13:14
推: 2,噓: 5,分數: -3,作者: vcbxnzm (㊣﹋),標題: Re: [爆卦] 『基隆河谷軌道』陳情書 (1/3) 識別政客,時間: Sun Jan  7 08:13:45 2024,2,2024-01-07 08:13:45
推: 3,噓: 0,分數: 3,作者: yokann ( ),標題: Re: [問卦] 敢做近視雷射的人484都很勇阿??,時間: Sun Jan  7 08:15:13 2024,3,2024-01-07 08:15:13
推: 3,噓: 2,分數: 1,作者: engineer1 (爺呼弟),標題: [問卦] 看男生舔棒會興奮嗎？,時間: Sun Jan  7 08:17:08 2024,3,2024-01-07 08:17:08
推: 4,噓: 1,分數: 3,作者: judas666 (judas),標題: [問卦] 這次選班長是最爛的一屆嗎？,時間: Sun Jan  7 08:20:01 2024,4,2024-01-07 08:20:01
推: 5,噓: 6,分數: -1,作者: sammy98 (軍),標題: [問卦] 日本人騎機車 可以不要這麼乖好嗎,時間: Sun Jan  7 08:22:11 2024,5,2024-01-07 08:22:11
推: 1,噓: 1,分數: 0,作者: laidon (賴董),標題: Re: [問卦] xxxx貓認真？,時間: Sun Jan  7 08:22:56 2024,1,2024-01-07 08:22:56
推: 7,噓: 0,分數: 7,作者: EfiwymsiAros (認真發廢文),標題: [問卦] 你各位真的分得出咖啡豆好壞？,時間: Sun Jan  7 08:23:03 2024,7,2024-01-07 08:23:03
推: 48,噓: 1,分數: 47,作者: ncc5566 (政大宅男),標題: [問卦] 跟女國中生能聊什麼話題？,時間: Sun Jan  7 08:23:33 2024,48,2024-01-07 08:23:33
推: 8,噓: 1,分數: 7,作者: aventardorsv (lamborghini aventadorsv),標題: [問卦] ☺  為什麼趙雲不搶守街亭？,時間: Sun Jan  7 08:30:20 2024,8,2024-01-07 08:30:20
推: 3,噓: 3,分數: 0,作者: engineer1 (爺呼弟),標題: [問卦] 幾歲玩肛門才不會太早？,時間: Sun Jan  7 08:31:18 2024,3,2024-01-07 08:31:18
推: 2,噓: 0,分數: 2,作者: zakijudelo (Zack),標題: [問卦] 猴猴最後為何會被上帝給放棄掉,時間: Sun Jan  7 08:34:14 2024,2,2024-01-07 08:34:14
推: 9,噓: 1,分數: 8,作者: tony007 (小小風),標題: Re: [新聞] 陳其邁：選舉非做實驗　現在新北人像當,時間: Sun Jan  7 08:34:48 2024,9,2024-01-07 08:34:48
推: 120,噓: 27,分數: 93,作者: f230072828 (汝被閹之),標題: [問卦] 在菜市場擺攤賣雞肉是很低端的工作嗎？,時間: Sun Jan  7 08:36:38 2024,120,2024-01-07 08:36:38
推: 5,噓: 12,分數: -7,作者: area41gold (area41gold在炫耀？哥單s),標題: [問卦] 鍾明軒是台灣的橋本環奈吧！,時間: Sun Jan  7 08:40:00 2024,5,2024-01-07 08:40:00
推: 8,噓: 1,分數: 7,作者: xzcb2008 (可愛老娘變態貓貓=.=),標題: Re: [問卦] 跟女國中生能聊什麼話題？,時間: Sun Jan  7 08:42:14 2024,8,2024-01-07 08:42:14
推: 1,噓: 2,分數: -1,作者: toofat (南勢角野郎哥),標題: [問卦] 外國的音樂品味是不是和華語圈不同？,時間: Sun Jan  7 08:44:03 2024,1,2024-01-07 08:44:03
推: 7,噓: 7,分數: 0,作者: dragonmester (),標題: [問卦] 為什麼失去耳朵會看不見,時間: Sun Jan  7 08:44:38 2024,7,2024-01-07 08:44:38
推: 7,噓: 1,分數: 6,作者: sanshin (中田祥),標題: Re: [問卦] 這次選班長是最爛的一屆嗎？,時間: Sun Jan  7 08:48:25 2024,7,2024-01-07 08:48:25
推: 16,噓: 0,分數: 16,作者: postar (郵星),標題: [爆卦] 陳沂FB表示找到馮語婷了?,時間: Sun Jan  7 08:52:13 2024,16,2024-01-07 08:52:13
推: 4,噓: 10,分數: -6,作者: sanxiao (三小),標題: [問卦] 震撼彈！八卦龍哥首現身  號召：都回家投,時間: Sun Jan  7 08:54:53 2024,4,2024-01-07 08:54:53
推: 4,噓: 0,分數: 4,作者: loadingN (sarsaparilla),標題: [問卦] 跟女小學生有啥話題好聊,時間: Sun Jan  7 08:58:33 2024,4,2024-01-07 08:58:33
推: 4,噓: 2,分數: 2,作者: VVizZ (我很窮),標題: [問卦] 親親的時候手應該放哪才正確?,時間: Sun Jan  7 08:58:43 2024,4,2024-01-07 08:58:43
推: 6,噓: 0,分數: 6,作者: purue (purue),標題: [問卦] 香港今年有什麼必吃好玩的,時間: Sun Jan  7 09:02:13 2024,6,2024-01-07 09:02:13
推: 18,噓: 35,分數: -17,作者: james7923 (詹姆士Q),標題: [新聞] 超級星期六挺賴品妤 賴清德：汐止進步發,時間: Sun Jan  7 09:03:00 2024,18,2024-01-07 09:03:00
推: 23,噓: 42,分數: -19,作者: VB6 (VB),標題: [新聞] 被嗆「女兒白死了」　王婉諭斥仇恨言論：,時間: Sun Jan  7 09:05:22 2024,23,2024-01-07 09:05:22
推: 6,噓: 0,分數: 6,作者: waitrop (嘴砲無雙),標題: Re: [問卦] 笑鼠 美國夢現在已經徹底破碎惹,時間: Sun Jan  7 09:08:19 2024,6,2024-01-07 09:08:19
推: 29,噓: 5,分數: 24,作者: ha3810996 (微八嘎囧),標題: [新聞] 男大生U2激戰高中妹!挨告性侵急喊冤　檢,時間: Sun Jan  7 09:11:49 2024,29,2024-01-07 09:11:49
推: 72,噓: 7,分數: 65,作者: tosay (12333),標題: Re: [新聞]年輕人回家都投柯?催不催青年票綠營陷兩難,時間: Sun Jan  7 09:12:31 2024,72,2024-01-07 09:12:31
推: 3,噓: 0,分數: 3,作者: tth9955 (EvilHeart),標題: [問卦] 組隊副本被迫表態是否打隱藏BOSS該怎麼辦,時間: Sun Jan  7 09:15:47 2024,3,2024-01-07 09:15:47
推: 3,噓: 0,分數: 3,作者: Kimmy (Kimi),標題: [問卦] 貓貓遇到變態鏟屎官該如何是好呢？,時間: Sun Jan  7 09:15:49 2024,3,2024-01-07 09:15:49
推: 11,噓: 11,分數: 0,作者: ppp123 (3p哥),標題: [問卦] 七年級生沒生小孩會後悔,時間: Sun Jan  7 09:16:27 2024,11,2024-01-07 09:16:27
推: 14,噓: 3,分數: 11,作者: zakijudelo (Zack),標題: [問卦] 大家還想讓詐騙集團囂張騙幾年,時間: Sun Jan  7 09:18:27 2024,14,2024-01-07 09:18:27
推: 10,噓: 5,分數: 5,作者: kent (大屌肯特),標題: [新聞] 主管休育嬰假前「性侵女下屬」！逞慾完,時間: Sun Jan  7 09:21:05 2024,10,2024-01-07 09:21:05
推: 22,噓: 62,分數: -40,作者: jganet (),標題: [新聞] 他揭蔡壁如地方放話「柯文哲放生她」民,時間: Sun Jan  7 09:21:58 2024,22,2024-01-07 09:21:58
推: 71,噓: 13,分數: 58,作者: benoaico (開水滾燙請小心使用),標題: [新聞] 中二選區林靜儀直播哭 顏寬恒：我沒看直,時間: Sun Jan  7 09:22:00 2024,71,2024-01-07 09:22:00
推: 6,噓: 10,分數: -4,作者: deco (台灣 No.1),標題: Re: [新聞] 快訊／馬治薇涉收中國資金遭收押 民眾黨,時間: Sun Jan  7 09:24:26 2024,6,2024-01-07 09:24:26
推: 3,噓: 2,分數: 1,作者: med5566 (美德5566),標題: [問卦] 開車廣告給統神拍會怎麽拍,時間: Sun Jan  7 09:24:47 2024,3,2024-01-07 09:24:47
推: 2,噓: 0,分數: 2,作者: songgood (ilovegoodgame),標題: [問卦] 愛的大遊行,時間: Sun Jan  7 09:25:04 2024,2,2024-01-07 09:25:04
推: 22,噓: 2,分數: 20,作者: chun0303 (chun),標題: [新聞] 彭博：美情報稱中共火箭軍貪腐惹火習近,時間: Sun Jan  7 09:25:32 2024,22,2024-01-07 09:25:32
推: 6,噓: 2,分數: 4,作者: BIA (必亞),標題: [問卦] 簽了ECFA之後 加大貧富差距？,時間: Sun Jan  7 09:26:30 2024,6,2024-01-07 09:26:30
推: 14,噓: 1,分數: 13,作者: Workforme (′‧ω‧‵),標題: [新聞] 超羨慕！　富邦金年終「最高20個月」加薪達4%,時間: Sun Jan  7 09:28:10 2024,14,2024-01-07 09:28:10
推: 5,噓: 1,分數: 4,作者: fpsmodooo (fpsmodooo),標題: [新聞] 當初看到大白鯊被當成小魚乾吃有多震撼？,時間: Sun Jan  7 09:31:17 2024,5,2024-01-07 09:31:17
推: 1,噓: 0,分數: 1,作者: qw5526259 (B.K),標題: [問卦] 最近的詐騙廣告特別多~~~~~~~~~,時間: Sun Jan  7 09:43:05 2024,1,2024-01-07 09:43:05
推: 2,噓: 5,分數: -3,作者: became (windim),標題: [問卦] 您支持65歲以上由國家養嗎？,時間: Sun Jan  7 09:44:24 2024,2,2024-01-07 09:44:24
推: 6,噓: 0,分數: 6,作者: asws0808 (串燒油條),標題: [問卦] 選舉公報拿到了==,時間: Sun Jan  7 09:46:21 2024,6,2024-01-07 09:46:21
推: 2,噓: 0,分數: 2,作者: ikoy (？？？？),標題: [問卦] switch如果把手把按鍵設計在衣服上,時間: Sun Jan  7 09:46:52 2024,2,2024-01-07 09:46:52
推: 2,噓: 0,分數: 2,作者: ilv1181023 (yechen),標題: [問卦] 西洽是不是很容易被捅的板,時間: Sun Jan  7 09:47:51 2024,2,2024-01-07 09:47:51
推: 7,噓: 2,分數: 5,作者: lovea (lovea),標題: [新聞] 韓國瑜要挺柯票投侯康　柯文哲曝「私下,時間: Sun Jan  7 09:47:53 2024,7,2024-01-07 09:47:53
推: 4,噓: 0,分數: 4,作者: ppp123 (3p哥),標題: [問卦] 七年級不能生了 八年級還不趕快生？,時間: Sun Jan  7 09:48:08 2024,4,2024-01-07 09:48:08
推: 12,噓: 58,分數: -46,作者: zoeapezoo (),標題: [新聞] 感嘆台灣被撕裂！呱吉點名「最糟糕政黨,時間: Sun Jan  7 09:48:16 2024,12,2024-01-07 09:48:16
推: 0,噓: 0,分數: 0,作者: charco (胖虎想要變瘦虎),標題: Re: [問卦] 在菜市場擺攤賣雞肉是很低端的工作嗎？,時間: Sun Jan  7 09:48:17 2024,0,2024-01-07 09:48:17
推: 2,噓: 2,分數: 0,作者: U384 (皮皮),標題: [問卦] 吳子嘉動不動就要打人,時間: Sun Jan  7 09:49:01 2024,2,2024-01-07 09:49:01
推: 6,噓: 0,分數: 6,作者: kogsww (林晨黎),標題: [問卦] 烏魚子可以怎麼料理？,時間: Sun Jan  7 09:49:25 2024,6,2024-01-07 09:49:25
推: 5,噓: 2,分數: 3,作者: GGishot (一整個欠噓),標題: Re: [新聞] 國民黨失去執政8年痛定思痛！侯友宜：才,時間: Sun Jan  7 09:49:45 2024,5,2024-01-07 09:49:45
推: 15,噓: 5,分數: 10,作者: danny2451 (danny2451),標題: [問卦] 為什麼鍾明軒突然被推爆啊？,時間: Sun Jan  7 09:50:11 2024,15,2024-01-07 09:50:11
推: 1,噓: 2,分數: -1,作者: tth9955 (EvilHeart),標題: [問卦] 在幼馴染的婚禮上幫她的未婚夫戴綠帽==,時間: Sun Jan  7 09:50:33 2024,1,2024-01-07 09:50:33
推: 6,噓: 0,分數: 6,作者: FFSUPERTB (FFSUPERTB),標題: Re: [新聞] 他揭蔡壁如地方放話「柯文哲放生她」民,時間: Sun Jan  7 09:50:41 2024,6,2024-01-07 09:50:41
推: 0,噓: 0,分數: 0,作者: SuperMoist (超極濕潤),標題: [問卦] KMT的年輕一輩都怎麼想？,時間: Sun Jan  7 09:56:18 2024,0,2024-01-07 09:56:18
推: 0,噓: 0,分數: 0,作者: Herlo (無敵的福爾高雷),標題: [問卦] 有沒有threads 大量正妹闖進哥布林巢穴的,時間: Sun Jan  7 09:57:19 2024,0,2024-01-07 09:57:19
推: 0,噓: 0,分數: 0,作者: juqibai (炸彈丟了小心),標題: [新聞] 侯友宜車掃遇年輕人比柯文哲號次「雙手敬,時間: Sun Jan  7 09:58:05 2024,0,2024-01-07 09:58:05
推: 0,噓: 0,分數: 0,作者: pilitsao (uncircle),標題: [問卦] 高雄現在是哪個阿北在路上？,時間: Sun Jan  7 09:59:02 2024,0,2024-01-07 09:59:02
推: 0,噓: 0,分數: 0,作者: CCY0927 (茹絮夢),標題: [新聞] 民團辦活動紹介紅龜粿 親子聽故事閣兼做粿,時間: Sun Jan  7 10:00:27 2024,0,2024-01-07 10:00:27
推: 0,噓: 0,分數: 0,作者: tiger911 (胖虎),標題: [新聞] 賴清德在路上廣告發酵 民進黨高層：現場,時間: Sun Jan  7 10:00:29 2024,0,2024-01-07 10:00:29
推: 0,噓: 0,分數: 0,作者: currry (南港李國毅),標題: [問卦] 跳槽電信還續約哪個划算,時間: Sun Jan  7 10:02:08 2024,0,2024-01-07 10:02:08
